timestamp_utc,iso_pdt,carrier=verizon;connection_type=5g_cellular;experiment=none
1782977340,2026-07-02T00:29:00-07:00,492
1782977400,2026-07-02T00:30:00-07:00,492
1782977460,2026-07-02T00:31:00-07:00,492
1782977520,2026-07-02T00:32:00-07:00,492
1782977580,2026-07-02T00:33:00-07:00,492
1782983400,2026-07-02T02:10:00-07:00,492
1782983460,2026-07-02T02:11:00-07:00,492
1782983520,2026-07-02T02:12:00-07:00,492
1782983580,2026-07-02T02:13:00-07:00,492
1782983640,2026-07-02T02:14:00-07:00,492
1782986640,2026-07-02T03:04:00-07:00,143
1782986700,2026-07-02T03:05:00-07:00,143
1782986760,2026-07-02T03:06:00-07:00,143
1782986820,2026-07-02T03:07:00-07:00,143
1782986880,2026-07-02T03:08:00-07:00,143
1782988800,2026-07-02T03:40:00-07:00,143
1782988860,2026-07-02T03:41:00-07:00,143
1782988920,2026-07-02T03:42:00-07:00,143
1782988980,2026-07-02T03:43:00-07:00,143
1782989040,2026-07-02T03:44:00-07:00,143
1782998280,2026-07-02T06:18:00-07:00,143
1782998340,2026-07-02T06:19:00-07:00,143
1782998400,2026-07-02T06:20:00-07:00,142
1782998460,2026-07-02T06:21:00-07:00,564
1782998520,2026-07-02T06:22:00-07:00,656
1782998580,2026-07-02T06:23:00-07:00,655
1782998640,2026-07-02T06:24:00-07:00,655
1782998700,2026-07-02T06:25:00-07:00,654
1782998760,2026-07-02T06:26:00-07:00,742
1782998820,2026-07-02T06:27:00-07:00,259
1782998880,2026-07-02T06:28:00-07:00,473
1782998940,2026-07-02T06:29:00-07:00,473
1782999000,2026-07-02T06:30:00-07:00,472
1782999060,2026-07-02T06:31:00-07:00,472
1782999120,2026-07-02T06:32:00-07:00,153
1782999180,2026-07-02T06:33:00-07:00,154
1782999240,2026-07-02T06:34:00-07:00,154
1782999300,2026-07-02T06:35:00-07:00,154
1782999360,2026-07-02T06:36:00-07:00,154
1782999420,2026-07-02T06:37:00-07:00,154
1782999480,2026-07-02T06:38:00-07:00,472
1782999540,2026-07-02T06:39:00-07:00,472
1782999600,2026-07-02T06:40:00-07:00,247
1782999660,2026-07-02T06:41:00-07:00,247
1782999720,2026-07-02T06:42:00-07:00,247
1782999780,2026-07-02T06:43:00-07:00,247
1782999840,2026-07-02T06:44:00-07:00,247
1782999960,2026-07-02T06:46:00-07:00,161
1783000020,2026-07-02T06:47:00-07:00,161
1783000080,2026-07-02T06:48:00-07:00,161
1783000140,2026-07-02T06:49:00-07:00,378
1783000200,2026-07-02T06:50:00-07:00,378
1783000260,2026-07-02T06:51:00-07:00,440
1783000320,2026-07-02T06:52:00-07:00,474
1783000380,2026-07-02T06:53:00-07:00,358
1783000440,2026-07-02T06:54:00-07:00,235
1783000500,2026-07-02T06:55:00-07:00,194
1783000560,2026-07-02T06:56:00-07:00,499
1783000620,2026-07-02T06:57:00-07:00,498
1783000680,2026-07-02T06:58:00-07:00,865
1783000740,2026-07-02T06:59:00-07:00,865
1783000800,2026-07-02T07:00:00-07:00,702
1783000860,2026-07-02T07:01:00-07:00,506
1783000920,2026-07-02T07:02:00-07:00,506
1783000980,2026-07-02T07:03:00-07:00,507
1783001040,2026-07-02T07:04:00-07:00,507
1783001100,2026-07-02T07:05:00-07:00,87
1783001160,2026-07-02T07:06:00-07:00,62
1783001220,2026-07-02T07:07:00-07:00,62
1783001280,2026-07-02T07:08:00-07:00,292
1783001340,2026-07-02T07:09:00-07:00,292
1783001400,2026-07-02T07:10:00-07:00,51
1783001460,2026-07-02T07:11:00-07:00,51
1783001520,2026-07-02T07:12:00-07:00,51
1783001580,2026-07-02T07:13:00-07:00,51
1783001640,2026-07-02T07:14:00-07:00,51
1783001760,2026-07-02T07:16:00-07:00,755
1783001820,2026-07-02T07:17:00-07:00,755
1783001880,2026-07-02T07:18:00-07:00,755
1783001940,2026-07-02T07:19:00-07:00,755
1783002000,2026-07-02T07:20:00-07:00,755
1783002060,2026-07-02T07:21:00-07:00,755
1783002120,2026-07-02T07:22:00-07:00,755
1783002180,2026-07-02T07:23:00-07:00,755
1783002240,2026-07-02T07:24:00-07:00,755
1783002480,2026-07-02T07:28:00-07:00,755
1783002540,2026-07-02T07:29:00-07:00,21
1783002600,2026-07-02T07:30:00-07:00,21
1783002660,2026-07-02T07:31:00-07:00,21
1783002720,2026-07-02T07:32:00-07:00,21
1783002780,2026-07-02T07:33:00-07:00,21
1783005720,2026-07-02T08:22:00-07:00,755
1783005780,2026-07-02T08:23:00-07:00,755
1783005840,2026-07-02T08:24:00-07:00,755
1783005900,2026-07-02T08:25:00-07:00,755
1783005960,2026-07-02T08:26:00-07:00,755
1783006680,2026-07-02T08:38:00-07:00,21
1783006740,2026-07-02T08:39:00-07:00,21
1783006800,2026-07-02T08:40:00-07:00,21
1783006860,2026-07-02T08:41:00-07:00,21
1783006920,2026-07-02T08:42:00-07:00,21
1783006980,2026-07-02T08:43:00-07:00,21
1783007040,2026-07-02T08:44:00-07:00,21
1783007100,2026-07-02T08:45:00-07:00,21
1783007460,2026-07-02T08:51:00-07:00,755
1783007520,2026-07-02T08:52:00-07:00,755
1783007580,2026-07-02T08:53:00-07:00,755
1783007640,2026-07-02T08:54:00-07:00,755
1783007700,2026-07-02T08:55:00-07:00,755
1783008120,2026-07-02T09:02:00-07:00,678
1783008180,2026-07-02T09:03:00-07:00,678
1783008240,2026-07-02T09:04:00-07:00,678
1783008300,2026-07-02T09:05:00-07:00,678
1783008360,2026-07-02T09:06:00-07:00,678
1783009380,2026-07-02T09:23:00-07:00,755
1783009440,2026-07-02T09:24:00-07:00,755
1783009500,2026-07-02T09:25:00-07:00,755
1783009560,2026-07-02T09:26:00-07:00,755
1783009620,2026-07-02T09:27:00-07:00,755
1783015560,2026-07-02T11:06:00-07:00,21
1783015620,2026-07-02T11:07:00-07:00,21
1783015680,2026-07-02T11:08:00-07:00,21
1783015740,2026-07-02T11:09:00-07:00,21
1783015800,2026-07-02T11:10:00-07:00,21
1783019880,2026-07-02T12:18:00-07:00,199
1783019940,2026-07-02T12:19:00-07:00,199
1783020000,2026-07-02T12:20:00-07:00,21
1783020060,2026-07-02T12:21:00-07:00,21
1783020120,2026-07-02T12:22:00-07:00,21
1783020180,2026-07-02T12:23:00-07:00,21
1783020240,2026-07-02T12:24:00-07:00,21
1783020300,2026-07-02T12:25:00-07:00,21
1783021500,2026-07-02T12:45:00-07:00,755
1783021560,2026-07-02T12:46:00-07:00,755
1783021620,2026-07-02T12:47:00-07:00,755
1783021680,2026-07-02T12:48:00-07:00,755
1783021740,2026-07-02T12:49:00-07:00,755
1783021800,2026-07-02T12:50:00-07:00,21
1783021860,2026-07-02T12:51:00-07:00,21
1783021920,2026-07-02T12:52:00-07:00,21
1783021980,2026-07-02T12:53:00-07:00,21
1783022040,2026-07-02T12:54:00-07:00,21
1783022100,2026-07-02T12:55:00-07:00,21
1783022160,2026-07-02T12:56:00-07:00,21
1783022220,2026-07-02T12:57:00-07:00,21
1783022280,2026-07-02T12:58:00-07:00,21
1783022340,2026-07-02T12:59:00-07:00,21
1783022400,2026-07-02T13:00:00-07:00,21
1783022460,2026-07-02T13:01:00-07:00,21
1783022520,2026-07-02T13:02:00-07:00,21
1783022580,2026-07-02T13:03:00-07:00,994
1783022640,2026-07-02T13:04:00-07:00,994
1783022700,2026-07-02T13:05:00-07:00,994
1783022760,2026-07-02T13:06:00-07:00,994
1783022820,2026-07-02T13:07:00-07:00,994
1783022880,2026-07-02T13:08:00-07:00,994
1783022940,2026-07-02T13:09:00-07:00,994
1783023000,2026-07-02T13:10:00-07:00,994
1783023060,2026-07-02T13:11:00-07:00,994
1783023120,2026-07-02T13:12:00-07:00,994
1783024200,2026-07-02T13:30:00-07:00,429
1783024260,2026-07-02T13:31:00-07:00,429
1783024320,2026-07-02T13:32:00-07:00,429
1783024380,2026-07-02T13:33:00-07:00,429
1783024440,2026-07-02T13:34:00-07:00,429
1783028040,2026-07-02T14:34:00-07:00,755
1783028100,2026-07-02T14:35:00-07:00,755
1783028160,2026-07-02T14:36:00-07:00,755
1783028220,2026-07-02T14:37:00-07:00,755
1783028280,2026-07-02T14:38:00-07:00,755
1783028340,2026-07-02T14:39:00-07:00,678
1783028400,2026-07-02T14:40:00-07:00,678
1783028460,2026-07-02T14:41:00-07:00,678
1783028520,2026-07-02T14:42:00-07:00,678
1783028580,2026-07-02T14:43:00-07:00,678
1783028820,2026-07-02T14:47:00-07:00,430
1783028880,2026-07-02T14:48:00-07:00,810
1783028940,2026-07-02T14:49:00-07:00,810
1783029000,2026-07-02T14:50:00-07:00,810
1783029060,2026-07-02T14:51:00-07:00,810
1783029120,2026-07-02T14:52:00-07:00,266
1783029180,2026-07-02T14:53:00-07:00,600
1783029240,2026-07-02T14:54:00-07:00,292
1783029300,2026-07-02T14:55:00-07:00,292
1783029360,2026-07-02T14:56:00-07:00,292
1783029420,2026-07-02T14:57:00-07:00,60
1783029480,2026-07-02T14:58:00-07:00,87
1783029540,2026-07-02T14:59:00-07:00,730
1783029600,2026-07-02T15:00:00-07:00,730
1783029660,2026-07-02T15:01:00-07:00,730
1783029720,2026-07-02T15:02:00-07:00,498
1783029780,2026-07-02T15:03:00-07:00,5
1783029840,2026-07-02T15:04:00-07:00,194
1783029900,2026-07-02T15:05:00-07:00,194
1783029960,2026-07-02T15:06:00-07:00,194
1783030020,2026-07-02T15:07:00-07:00,194
1783030080,2026-07-02T15:08:00-07:00,358
1783030140,2026-07-02T15:09:00-07:00,358
1783030200,2026-07-02T15:10:00-07:00,358
1783030260,2026-07-02T15:11:00-07:00,474
1783030320,2026-07-02T15:12:00-07:00,474
1783030380,2026-07-02T15:13:00-07:00,440
1783030440,2026-07-02T15:14:00-07:00,572
1783030500,2026-07-02T15:15:00-07:00,201
1783030560,2026-07-02T15:16:00-07:00,201
1783030620,2026-07-02T15:17:00-07:00,201
1783030680,2026-07-02T15:18:00-07:00,203
1783030740,2026-07-02T15:19:00-07:00,404
1783030800,2026-07-02T15:20:00-07:00,404
1783030860,2026-07-02T15:21:00-07:00,404
1783030920,2026-07-02T15:22:00-07:00,404
1783030980,2026-07-02T15:23:00-07:00,57
1783031040,2026-07-02T15:24:00-07:00,57
1783031100,2026-07-02T15:25:00-07:00,57
1783031160,2026-07-02T15:26:00-07:00,58
1783031220,2026-07-02T15:27:00-07:00,58
1783031280,2026-07-02T15:28:00-07:00,486
1783031340,2026-07-02T15:29:00-07:00,52
1783031400,2026-07-02T15:30:00-07:00,285
1783031460,2026-07-02T15:31:00-07:00,488
1783031520,2026-07-02T15:32:00-07:00,488
1783031580,2026-07-02T15:33:00-07:00,247
1783031640,2026-07-02T15:34:00-07:00,472
1783031700,2026-07-02T15:35:00-07:00,472
1783031760,2026-07-02T15:36:00-07:00,472
1783031820,2026-07-02T15:37:00-07:00,472
1783031880,2026-07-02T15:38:00-07:00,472
1783031940,2026-07-02T15:39:00-07:00,472
1783032000,2026-07-02T15:40:00-07:00,153
1783032060,2026-07-02T15:41:00-07:00,153
1783032120,2026-07-02T15:42:00-07:00,472
1783032180,2026-07-02T15:43:00-07:00,472
1783032240,2026-07-02T15:44:00-07:00,472
1783032300,2026-07-02T15:45:00-07:00,473
1783032360,2026-07-02T15:46:00-07:00,473
1783032420,2026-07-02T15:47:00-07:00,473
1783032480,2026-07-02T15:48:00-07:00,742
1783032540,2026-07-02T15:49:00-07:00,742
1783032600,2026-07-02T15:50:00-07:00,742
1783032660,2026-07-02T15:51:00-07:00,742
1783032720,2026-07-02T15:52:00-07:00,742
1783032780,2026-07-02T15:53:00-07:00,655
1783032840,2026-07-02T15:54:00-07:00,655
1783032900,2026-07-02T15:55:00-07:00,655
1783032960,2026-07-02T15:56:00-07:00,564
1783033020,2026-07-02T15:57:00-07:00,564
1783033080,2026-07-02T15:58:00-07:00,142
1783033140,2026-07-02T15:59:00-07:00,143
1783033200,2026-07-02T16:00:00-07:00,143
1783033260,2026-07-02T16:01:00-07:00,143
1783033320,2026-07-02T16:02:00-07:00,143
1783033380,2026-07-02T16:03:00-07:00,143
1783033440,2026-07-02T16:04:00-07:00,143
1783033500,2026-07-02T16:05:00-07:00,143
1783035060,2026-07-02T16:31:00-07:00,143
1783035120,2026-07-02T16:32:00-07:00,143
1783035180,2026-07-02T16:33:00-07:00,143
1783035240,2026-07-02T16:34:00-07:00,143
1783035300,2026-07-02T16:35:00-07:00,143
1783037040,2026-07-02T17:04:00-07:00,282
1783037100,2026-07-02T17:05:00-07:00,282
1783037160,2026-07-02T17:06:00-07:00,282
1783037220,2026-07-02T17:07:00-07:00,282
1783037280,2026-07-02T17:08:00-07:00,282
1783041180,2026-07-02T18:13:00-07:00,143
1783041240,2026-07-02T18:14:00-07:00,143
1783041300,2026-07-02T18:15:00-07:00,143
1783041360,2026-07-02T18:16:00-07:00,143
1783041420,2026-07-02T18:17:00-07:00,143
1783045080,2026-07-02T19:18:00-07:00,492
1783045140,2026-07-02T19:19:00-07:00,492
1783045200,2026-07-02T19:20:00-07:00,492
1783045260,2026-07-02T19:21:00-07:00,492
1783045320,2026-07-02T19:22:00-07:00,492
1783053600,2026-07-02T21:40:00-07:00,143
1783053660,2026-07-02T21:41:00-07:00,143
1783053720,2026-07-02T21:42:00-07:00,249
1783053780,2026-07-02T21:43:00-07:00,249
1783053840,2026-07-02T21:44:00-07:00,250
1783053900,2026-07-02T21:45:00-07:00,250
1783053960,2026-07-02T21:46:00-07:00,250
1783054020,2026-07-02T21:47:00-07:00,250
1783054080,2026-07-02T21:48:00-07:00,250
1783054140,2026-07-02T21:49:00-07:00,315
1783054200,2026-07-02T21:50:00-07:00,315
1783054260,2026-07-02T21:51:00-07:00,328
1783054320,2026-07-02T21:52:00-07:00,328
1783054380,2026-07-02T21:53:00-07:00,328
1783054440,2026-07-02T21:54:00-07:00,269
1783054500,2026-07-02T21:55:00-07:00,269
1783054560,2026-07-02T21:56:00-07:00,269
1783054620,2026-07-02T21:57:00-07:00,880
1783054680,2026-07-02T21:58:00-07:00,880
1783054740,2026-07-02T21:59:00-07:00,892
1783054800,2026-07-02T22:00:00-07:00,840
1783054860,2026-07-02T22:01:00-07:00,95
1783054920,2026-07-02T22:02:00-07:00,95
1783054980,2026-07-02T22:03:00-07:00,95
1783055040,2026-07-02T22:04:00-07:00,551
1783055100,2026-07-02T22:05:00-07:00,244
1783055160,2026-07-02T22:06:00-07:00,245
1783055220,2026-07-02T22:07:00-07:00,826
1783055280,2026-07-02T22:08:00-07:00,164
1783055340,2026-07-02T22:09:00-07:00,164
1783055400,2026-07-02T22:10:00-07:00,164
1783055460,2026-07-02T22:11:00-07:00,164
1783055520,2026-07-02T22:12:00-07:00,164
1783055640,2026-07-02T22:14:00-07:00,112
1783055700,2026-07-02T22:15:00-07:00,145
1783055760,2026-07-02T22:16:00-07:00,172
1783055820,2026-07-02T22:17:00-07:00,877
1783055880,2026-07-02T22:18:00-07:00,878
1783055940,2026-07-02T22:19:00-07:00,252
1783056000,2026-07-02T22:20:00-07:00,252
1783056060,2026-07-02T22:21:00-07:00,252
1783056120,2026-07-02T22:22:00-07:00,252
1783056180,2026-07-02T22:23:00-07:00,252
1783056240,2026-07-02T22:24:00-07:00,85
1783056300,2026-07-02T22:25:00-07:00,85
1783056360,2026-07-02T22:26:00-07:00,85
1783056420,2026-07-02T22:27:00-07:00,85
1783056480,2026-07-02T22:28:00-07:00,85
1783056840,2026-07-02T22:34:00-07:00,315
1783056900,2026-07-02T22:35:00-07:00,315
1783056960,2026-07-02T22:36:00-07:00,315
1783057020,2026-07-02T22:37:00-07:00,315
1783057080,2026-07-02T22:38:00-07:00,315
1783057140,2026-07-02T22:39:00-07:00,315
1783057200,2026-07-02T22:40:00-07:00,315
1783057260,2026-07-02T22:41:00-07:00,123
1783057320,2026-07-02T22:42:00-07:00,123
1783057380,2026-07-02T22:43:00-07:00,123
1783057440,2026-07-02T22:44:00-07:00,123
1783057500,2026-07-02T22:45:00-07:00,366
1783057560,2026-07-02T22:46:00-07:00,368
1783057620,2026-07-02T22:47:00-07:00,368
1783057680,2026-07-02T22:48:00-07:00,368
1783057740,2026-07-02T22:49:00-07:00,368
1783057800,2026-07-02T22:50:00-07:00,368
1783058100,2026-07-02T22:55:00-07:00,800
1783058160,2026-07-02T22:56:00-07:00,800
1783058220,2026-07-02T22:57:00-07:00,800
1783058280,2026-07-02T22:58:00-07:00,800
1783058340,2026-07-02T22:59:00-07:00,800
1783058400,2026-07-02T23:00:00-07:00,800
1783058460,2026-07-02T23:01:00-07:00,800
1783058520,2026-07-02T23:02:00-07:00,800
1783058580,2026-07-02T23:03:00-07:00,800
1783058700,2026-07-02T23:05:00-07:00,81
1783058760,2026-07-02T23:06:00-07:00,81
1783058820,2026-07-02T23:07:00-07:00,81
1783058880,2026-07-02T23:08:00-07:00,81
1783058940,2026-07-02T23:09:00-07:00,81
1783059000,2026-07-02T23:10:00-07:00,81
1783059720,2026-07-02T23:22:00-07:00,81
1783059780,2026-07-02T23:23:00-07:00,81
1783059840,2026-07-02T23:24:00-07:00,81
1783059900,2026-07-02T23:25:00-07:00,81
1783059960,2026-07-02T23:26:00-07:00,81
1783060020,2026-07-02T23:27:00-07:00,81
1783060080,2026-07-02T23:28:00-07:00,81
1783060140,2026-07-02T23:29:00-07:00,81
1783060200,2026-07-02T23:30:00-07:00,81
1783060260,2026-07-02T23:31:00-07:00,81
1783060320,2026-07-02T23:32:00-07:00,81
1783060380,2026-07-02T23:33:00-07:00,81
1783060440,2026-07-02T23:34:00-07:00,81
1783060500,2026-07-02T23:35:00-07:00,81
1783060560,2026-07-02T23:36:00-07:00,81
1783060620,2026-07-02T23:37:00-07:00,81
1783060680,2026-07-02T23:38:00-07:00,81
1783060740,2026-07-02T23:39:00-07:00,81
1783060800,2026-07-02T23:40:00-07:00,81
1783060860,2026-07-02T23:41:00-07:00,81
1783060920,2026-07-02T23:42:00-07:00,81
1783060980,2026-07-02T23:43:00-07:00,81
1783061040,2026-07-02T23:44:00-07:00,81
1783061100,2026-07-02T23:45:00-07:00,81
1783061160,2026-07-02T23:46:00-07:00,81
1783061940,2026-07-02T23:59:00-07:00,81
1783062000,2026-07-03T00:00:00-07:00,81
1783062060,2026-07-03T00:01:00-07:00,81
1783062120,2026-07-03T00:02:00-07:00,81
1783062180,2026-07-03T00:03:00-07:00,81
1783062240,2026-07-03T00:04:00-07:00,81
1783062300,2026-07-03T00:05:00-07:00,81
1783062360,2026-07-03T00:06:00-07:00,81
1783062420,2026-07-03T00:07:00-07:00,81
1783062480,2026-07-03T00:08:00-07:00,81
1783062540,2026-07-03T00:09:00-07:00,81
1783062600,2026-07-03T00:10:00-07:00,81
1783062660,2026-07-03T00:11:00-07:00,81
1783062720,2026-07-03T00:12:00-07:00,81
1783062780,2026-07-03T00:13:00-07:00,81
1783062840,2026-07-03T00:14:00-07:00,81
1783062900,2026-07-03T00:15:00-07:00,81
1783062960,2026-07-03T00:16:00-07:00,81
1783063020,2026-07-03T00:17:00-07:00,81
1783063080,2026-07-03T00:18:00-07:00,81
1783063140,2026-07-03T00:19:00-07:00,81
1783063200,2026-07-03T00:20:00-07:00,81
1783063260,2026-07-03T00:21:00-07:00,81
1783063320,2026-07-03T00:22:00-07:00,81
1783063380,2026-07-03T00:23:00-07:00,81
1783063440,2026-07-03T00:24:00-07:00,81
1783063500,2026-07-03T00:25:00-07:00,81
1783063560,2026-07-03T00:26:00-07:00,81
1783063620,2026-07-03T00:27:00-07:00,81
1783063680,2026-07-03T00:28:00-07:00,81
1783063740,2026-07-03T00:29:00-07:00,82
1783063800,2026-07-03T00:30:00-07:00,81
1783063860,2026-07-03T00:31:00-07:00,81
1783063920,2026-07-03T00:32:00-07:00,81
1783063980,2026-07-03T00:33:00-07:00,81
1783064040,2026-07-03T00:34:00-07:00,81
1783064100,2026-07-03T00:35:00-07:00,81
1783064160,2026-07-03T00:36:00-07:00,81
1783064460,2026-07-03T00:41:00-07:00,81
1783064520,2026-07-03T00:42:00-07:00,81
1783064580,2026-07-03T00:43:00-07:00,81
1783064640,2026-07-03T00:44:00-07:00,81
1783064700,2026-07-03T00:45:00-07:00,81
1783064760,2026-07-03T00:46:00-07:00,81
1783064820,2026-07-03T00:47:00-07:00,81
1783064880,2026-07-03T00:48:00-07:00,81
1783064940,2026-07-03T00:49:00-07:00,81
1783065000,2026-07-03T00:50:00-07:00,81
1783066020,2026-07-03T01:07:00-07:00,81
1783066080,2026-07-03T01:08:00-07:00,81
1783066140,2026-07-03T01:09:00-07:00,81
1783066200,2026-07-03T01:10:00-07:00,81
1783066260,2026-07-03T01:11:00-07:00,81
1783068060,2026-07-03T01:41:00-07:00,81
1783068120,2026-07-03T01:42:00-07:00,81
1783068180,2026-07-03T01:43:00-07:00,81
1783068240,2026-07-03T01:44:00-07:00,81
1783068300,2026-07-03T01:45:00-07:00,81
1783069200,2026-07-03T02:00:00-07:00,81
1783069260,2026-07-03T02:01:00-07:00,81
1783069320,2026-07-03T02:02:00-07:00,81
1783069380,2026-07-03T02:03:00-07:00,81
1783069440,2026-07-03T02:04:00-07:00,81
1783069740,2026-07-03T02:09:00-07:00,81
1783069800,2026-07-03T02:10:00-07:00,81
1783069860,2026-07-03T02:11:00-07:00,81
1783069920,2026-07-03T02:12:00-07:00,81
1783069980,2026-07-03T02:13:00-07:00,81
1783071000,2026-07-03T02:30:00-07:00,81
1783071060,2026-07-03T02:31:00-07:00,81
1783071120,2026-07-03T02:32:00-07:00,81
1783071180,2026-07-03T02:33:00-07:00,81
1783071240,2026-07-03T02:34:00-07:00,81
1783071300,2026-07-03T02:35:00-07:00,81
1783072320,2026-07-03T02:52:00-07:00,81
1783072380,2026-07-03T02:53:00-07:00,81
1783072440,2026-07-03T02:54:00-07:00,81
1783072500,2026-07-03T02:55:00-07:00,81
1783072560,2026-07-03T02:56:00-07:00,82
1783072620,2026-07-03T02:57:00-07:00,82
1783072680,2026-07-03T02:58:00-07:00,82
1783072740,2026-07-03T02:59:00-07:00,82
1783072800,2026-07-03T03:00:00-07:00,82
1783072860,2026-07-03T03:01:00-07:00,82
1783073460,2026-07-03T03:11:00-07:00,81
1783073520,2026-07-03T03:12:00-07:00,81
1783073580,2026-07-03T03:13:00-07:00,81
1783073640,2026-07-03T03:14:00-07:00,81
1783073700,2026-07-03T03:15:00-07:00,81
1783074120,2026-07-03T03:22:00-07:00,81
1783074180,2026-07-03T03:23:00-07:00,81
1783074240,2026-07-03T03:24:00-07:00,81
1783074300,2026-07-03T03:25:00-07:00,81
1783074360,2026-07-03T03:26:00-07:00,81
1783074420,2026-07-03T03:27:00-07:00,82
1783074480,2026-07-03T03:28:00-07:00,82
1783074540,2026-07-03T03:29:00-07:00,82
1783074600,2026-07-03T03:30:00-07:00,82
1783074660,2026-07-03T03:31:00-07:00,82
1783074780,2026-07-03T03:33:00-07:00,81
1783074840,2026-07-03T03:34:00-07:00,81
1783074900,2026-07-03T03:35:00-07:00,81
1783074960,2026-07-03T03:36:00-07:00,81
1783075020,2026-07-03T03:37:00-07:00,81
1783075080,2026-07-03T03:38:00-07:00,81
1783075140,2026-07-03T03:39:00-07:00,81
1783075200,2026-07-03T03:40:00-07:00,81
1783075260,2026-07-03T03:41:00-07:00,81
1783075320,2026-07-03T03:42:00-07:00,81
1783075380,2026-07-03T03:43:00-07:00,81
1783075440,2026-07-03T03:44:00-07:00,81
1783075500,2026-07-03T03:45:00-07:00,81
1783075560,2026-07-03T03:46:00-07:00,81
1783075620,2026-07-03T03:47:00-07:00,81
1783075680,2026-07-03T03:48:00-07:00,81
1783076100,2026-07-03T03:55:00-07:00,81
1783076160,2026-07-03T03:56:00-07:00,81
1783076220,2026-07-03T03:57:00-07:00,81
1783076280,2026-07-03T03:58:00-07:00,81
1783076340,2026-07-03T03:59:00-07:00,81
1783076400,2026-07-03T04:00:00-07:00,81
1783076460,2026-07-03T04:01:00-07:00,81
1783076520,2026-07-03T04:02:00-07:00,81
1783076580,2026-07-03T04:03:00-07:00,81
1783076640,2026-07-03T04:04:00-07:00,81
1783076700,2026-07-03T04:05:00-07:00,81
1783076760,2026-07-03T04:06:00-07:00,81
1783076820,2026-07-03T04:07:00-07:00,81
1783076880,2026-07-03T04:08:00-07:00,81
1783076940,2026-07-03T04:09:00-07:00,81
1783077000,2026-07-03T04:10:00-07:00,81
1783077060,2026-07-03T04:11:00-07:00,81
1783077120,2026-07-03T04:12:00-07:00,81
1783077180,2026-07-03T04:13:00-07:00,81
1783077240,2026-07-03T04:14:00-07:00,81
1783077300,2026-07-03T04:15:00-07:00,81
1783077360,2026-07-03T04:16:00-07:00,81
1783077420,2026-07-03T04:17:00-07:00,81
1783077480,2026-07-03T04:18:00-07:00,81
1783077540,2026-07-03T04:19:00-07:00,81
1783077600,2026-07-03T04:20:00-07:00,81
1783077660,2026-07-03T04:21:00-07:00,81
1783077720,2026-07-03T04:22:00-07:00,81
1783077780,2026-07-03T04:23:00-07:00,81
1783077840,2026-07-03T04:24:00-07:00,81
1783077900,2026-07-03T04:25:00-07:00,81
1783077960,2026-07-03T04:26:00-07:00,81
1783078020,2026-07-03T04:27:00-07:00,81
1783078080,2026-07-03T04:28:00-07:00,81
1783078140,2026-07-03T04:29:00-07:00,81
1783078200,2026-07-03T04:30:00-07:00,81
1783078260,2026-07-03T04:31:00-07:00,81
1783078320,2026-07-03T04:32:00-07:00,81
1783078380,2026-07-03T04:33:00-07:00,81
1783078440,2026-07-03T04:34:00-07:00,81
1783078500,2026-07-03T04:35:00-07:00,81
1783078560,2026-07-03T04:36:00-07:00,81
1783078620,2026-07-03T04:37:00-07:00,81
1783078680,2026-07-03T04:38:00-07:00,81
1783078740,2026-07-03T04:39:00-07:00,81
1783078800,2026-07-03T04:40:00-07:00,81
1783078860,2026-07-03T04:41:00-07:00,81
1783078920,2026-07-03T04:42:00-07:00,81
1783078980,2026-07-03T04:43:00-07:00,81
1783079040,2026-07-03T04:44:00-07:00,81
1783079100,2026-07-03T04:45:00-07:00,81
1783079160,2026-07-03T04:46:00-07:00,81
1783079220,2026-07-03T04:47:00-07:00,81
1783079520,2026-07-03T04:52:00-07:00,81
1783079580,2026-07-03T04:53:00-07:00,81
1783079640,2026-07-03T04:54:00-07:00,81
1783079700,2026-07-03T04:55:00-07:00,81
1783079760,2026-07-03T04:56:00-07:00,81
1783079820,2026-07-03T04:57:00-07:00,81
1783079880,2026-07-03T04:58:00-07:00,81
1783079940,2026-07-03T04:59:00-07:00,81
1783080000,2026-07-03T05:00:00-07:00,81
1783080060,2026-07-03T05:01:00-07:00,81
1783080120,2026-07-03T05:02:00-07:00,81
1783080180,2026-07-03T05:03:00-07:00,81
1783080240,2026-07-03T05:04:00-07:00,81
1783080300,2026-07-03T05:05:00-07:00,81
1783080360,2026-07-03T05:06:00-07:00,81
1783080420,2026-07-03T05:07:00-07:00,81
1783080480,2026-07-03T05:08:00-07:00,81
1783080540,2026-07-03T05:09:00-07:00,81
1783080600,2026-07-03T05:10:00-07:00,81
1783080660,2026-07-03T05:11:00-07:00,81
1783080720,2026-07-03T05:12:00-07:00,81
1783080780,2026-07-03T05:13:00-07:00,81
1783080840,2026-07-03T05:14:00-07:00,81
1783080900,2026-07-03T05:15:00-07:00,81
1783080960,2026-07-03T05:16:00-07:00,81
1783081020,2026-07-03T05:17:00-07:00,81
1783081080,2026-07-03T05:18:00-07:00,81
1783081140,2026-07-03T05:19:00-07:00,81
1783082760,2026-07-03T05:46:00-07:00,81
1783082820,2026-07-03T05:47:00-07:00,81
1783082880,2026-07-03T05:48:00-07:00,81
1783082940,2026-07-03T05:49:00-07:00,81
1783083000,2026-07-03T05:50:00-07:00,81
1783083600,2026-07-03T06:00:00-07:00,81
1783083660,2026-07-03T06:01:00-07:00,81
1783083720,2026-07-03T06:02:00-07:00,81
1783083780,2026-07-03T06:03:00-07:00,81
1783083840,2026-07-03T06:04:00-07:00,81
1783083900,2026-07-03T06:05:00-07:00,81
1783083960,2026-07-03T06:06:00-07:00,81
1783084020,2026-07-03T06:07:00-07:00,81
1783084080,2026-07-03T06:08:00-07:00,81
1783084140,2026-07-03T06:09:00-07:00,81
1783084500,2026-07-03T06:15:00-07:00,82
1783084560,2026-07-03T06:16:00-07:00,82
1783084620,2026-07-03T06:17:00-07:00,82
1783084680,2026-07-03T06:18:00-07:00,82
1783084740,2026-07-03T06:19:00-07:00,82
1783085040,2026-07-03T06:24:00-07:00,81
1783085100,2026-07-03T06:25:00-07:00,81
1783085160,2026-07-03T06:26:00-07:00,81
1783085220,2026-07-03T06:27:00-07:00,81
1783085280,2026-07-03T06:28:00-07:00,81
1783085520,2026-07-03T06:32:00-07:00,82
1783085580,2026-07-03T06:33:00-07:00,82
1783085640,2026-07-03T06:34:00-07:00,82
1783085700,2026-07-03T06:35:00-07:00,82
1783085760,2026-07-03T06:36:00-07:00,82
1783085820,2026-07-03T06:37:00-07:00,82
1783086000,2026-07-03T06:40:00-07:00,81
1783086060,2026-07-03T06:41:00-07:00,81
1783086120,2026-07-03T06:42:00-07:00,81
1783086180,2026-07-03T06:43:00-07:00,81
1783086240,2026-07-03T06:44:00-07:00,81
1783086300,2026-07-03T06:45:00-07:00,81
1783086360,2026-07-03T06:46:00-07:00,81
1783086480,2026-07-03T06:48:00-07:00,82
1783086540,2026-07-03T06:49:00-07:00,82
1783086600,2026-07-03T06:50:00-07:00,82
1783086660,2026-07-03T06:51:00-07:00,82
1783086720,2026-07-03T06:52:00-07:00,82
1783088160,2026-07-03T07:16:00-07:00,81
1783088220,2026-07-03T07:17:00-07:00,81
1783088280,2026-07-03T07:18:00-07:00,81
1783088340,2026-07-03T07:19:00-07:00,81
1783088400,2026-07-03T07:20:00-07:00,81
1783088460,2026-07-03T07:21:00-07:00,81
1783088520,2026-07-03T07:22:00-07:00,81
1783088580,2026-07-03T07:23:00-07:00,81
1783088640,2026-07-03T07:24:00-07:00,81
1783088700,2026-07-03T07:25:00-07:00,81
1783088760,2026-07-03T07:26:00-07:00,81
1783088820,2026-07-03T07:27:00-07:00,81
1783088880,2026-07-03T07:28:00-07:00,81
1783088940,2026-07-03T07:29:00-07:00,81
1783089000,2026-07-03T07:30:00-07:00,81
1783089060,2026-07-03T07:31:00-07:00,81
1783089120,2026-07-03T07:32:00-07:00,81
1783089180,2026-07-03T07:33:00-07:00,81
1783089240,2026-07-03T07:34:00-07:00,81
1783089300,2026-07-03T07:35:00-07:00,81
1783089360,2026-07-03T07:36:00-07:00,81
1783089420,2026-07-03T07:37:00-07:00,81
1783089480,2026-07-03T07:38:00-07:00,81
1783089540,2026-07-03T07:39:00-07:00,81
1783089600,2026-07-03T07:40:00-07:00,81
1783089660,2026-07-03T07:41:00-07:00,81
1783089720,2026-07-03T07:42:00-07:00,81
1783089780,2026-07-03T07:43:00-07:00,81
1783089840,2026-07-03T07:44:00-07:00,81
1783089900,2026-07-03T07:45:00-07:00,81
1783089960,2026-07-03T07:46:00-07:00,81
1783090020,2026-07-03T07:47:00-07:00,81
1783090080,2026-07-03T07:48:00-07:00,81
1783090140,2026-07-03T07:49:00-07:00,81
1783090200,2026-07-03T07:50:00-07:00,81
1783090260,2026-07-03T07:51:00-07:00,81
1783090320,2026-07-03T07:52:00-07:00,81
1783090380,2026-07-03T07:53:00-07:00,81
1783090440,2026-07-03T07:54:00-07:00,81
1783090500,2026-07-03T07:55:00-07:00,81
1783090560,2026-07-03T07:56:00-07:00,81
1783090620,2026-07-03T07:57:00-07:00,81
1783090680,2026-07-03T07:58:00-07:00,81
1783090740,2026-07-03T07:59:00-07:00,81
1783090800,2026-07-03T08:00:00-07:00,81
1783091520,2026-07-03T08:12:00-07:00,81
1783091580,2026-07-03T08:13:00-07:00,81
1783091640,2026-07-03T08:14:00-07:00,81
1783091700,2026-07-03T08:15:00-07:00,81
1783091760,2026-07-03T08:16:00-07:00,81
1783091820,2026-07-03T08:17:00-07:00,81
1783091880,2026-07-03T08:18:00-07:00,81
1783092900,2026-07-03T08:35:00-07:00,82
1783092960,2026-07-03T08:36:00-07:00,82
1783093020,2026-07-03T08:37:00-07:00,82
1783093080,2026-07-03T08:38:00-07:00,82
1783093140,2026-07-03T08:39:00-07:00,82
1783093380,2026-07-03T08:43:00-07:00,81
1783093440,2026-07-03T08:44:00-07:00,81
1783093500,2026-07-03T08:45:00-07:00,81
1783093560,2026-07-03T08:46:00-07:00,81
1783093620,2026-07-03T08:47:00-07:00,81
1783094280,2026-07-03T08:58:00-07:00,82
1783094340,2026-07-03T08:59:00-07:00,82
1783094400,2026-07-03T09:00:00-07:00,82
1783094460,2026-07-03T09:01:00-07:00,82
1783094520,2026-07-03T09:02:00-07:00,82
1783094580,2026-07-03T09:03:00-07:00,82
1783094640,2026-07-03T09:04:00-07:00,81
1783094700,2026-07-03T09:05:00-07:00,81
1783094760,2026-07-03T09:06:00-07:00,81
1783094820,2026-07-03T09:07:00-07:00,81
1783094880,2026-07-03T09:08:00-07:00,81
1783094940,2026-07-03T09:09:00-07:00,81
1783095000,2026-07-03T09:10:00-07:00,81
1783095060,2026-07-03T09:11:00-07:00,81
1783095120,2026-07-03T09:12:00-07:00,81
1783095180,2026-07-03T09:13:00-07:00,81
1783095240,2026-07-03T09:14:00-07:00,81
1783095360,2026-07-03T09:16:00-07:00,81
1783095420,2026-07-03T09:17:00-07:00,81
1783095480,2026-07-03T09:18:00-07:00,81
1783095540,2026-07-03T09:19:00-07:00,81
1783095600,2026-07-03T09:20:00-07:00,81
1783097040,2026-07-03T09:44:00-07:00,81
1783097100,2026-07-03T09:45:00-07:00,81
1783097160,2026-07-03T09:46:00-07:00,81
1783097220,2026-07-03T09:47:00-07:00,81
1783097280,2026-07-03T09:48:00-07:00,81
1783097340,2026-07-03T09:49:00-07:00,81
1783097400,2026-07-03T09:50:00-07:00,81
1783097460,2026-07-03T09:51:00-07:00,81
1783097520,2026-07-03T09:52:00-07:00,81
1783097580,2026-07-03T09:53:00-07:00,81
1783097640,2026-07-03T09:54:00-07:00,81
1783097700,2026-07-03T09:55:00-07:00,81
1783097760,2026-07-03T09:56:00-07:00,81
1783097820,2026-07-03T09:57:00-07:00,81
1783097880,2026-07-03T09:58:00-07:00,81
1783097940,2026-07-03T09:59:00-07:00,81
1783098000,2026-07-03T10:00:00-07:00,81
1783098060,2026-07-03T10:01:00-07:00,81
1783098120,2026-07-03T10:02:00-07:00,81
1783098180,2026-07-03T10:03:00-07:00,81
1783098240,2026-07-03T10:04:00-07:00,81
1783098300,2026-07-03T10:05:00-07:00,81
1783098360,2026-07-03T10:06:00-07:00,81
1783098420,2026-07-03T10:07:00-07:00,81
1783098480,2026-07-03T10:08:00-07:00,81
1783098660,2026-07-03T10:11:00-07:00,81
1783098720,2026-07-03T10:12:00-07:00,81
1783098780,2026-07-03T10:13:00-07:00,81
1783098840,2026-07-03T10:14:00-07:00,81
1783098900,2026-07-03T10:15:00-07:00,81
1783098960,2026-07-03T10:16:00-07:00,81
1783099020,2026-07-03T10:17:00-07:00,81
1783099080,2026-07-03T10:18:00-07:00,81
1783099140,2026-07-03T10:19:00-07:00,81
1783099200,2026-07-03T10:20:00-07:00,81
1783099620,2026-07-03T10:27:00-07:00,81
1783099680,2026-07-03T10:28:00-07:00,81
1783099740,2026-07-03T10:29:00-07:00,81
1783099800,2026-07-03T10:30:00-07:00,81
1783099860,2026-07-03T10:31:00-07:00,81
1783099920,2026-07-03T10:32:00-07:00,81
1783100040,2026-07-03T10:34:00-07:00,82
1783100100,2026-07-03T10:35:00-07:00,82
1783100160,2026-07-03T10:36:00-07:00,82
1783100220,2026-07-03T10:37:00-07:00,82
1783100280,2026-07-03T10:38:00-07:00,82
1783100340,2026-07-03T10:39:00-07:00,81
1783100400,2026-07-03T10:40:00-07:00,81
1783100460,2026-07-03T10:41:00-07:00,81
1783100520,2026-07-03T10:42:00-07:00,81
1783100580,2026-07-03T10:43:00-07:00,81
1783100700,2026-07-03T10:45:00-07:00,81
1783100760,2026-07-03T10:46:00-07:00,81
1783100820,2026-07-03T10:47:00-07:00,81
1783100880,2026-07-03T10:48:00-07:00,81
1783100940,2026-07-03T10:49:00-07:00,81
1783101060,2026-07-03T10:51:00-07:00,81
1783101120,2026-07-03T10:52:00-07:00,81
1783101180,2026-07-03T10:53:00-07:00,81
1783101240,2026-07-03T10:54:00-07:00,81
1783101300,2026-07-03T10:55:00-07:00,81
1783101360,2026-07-03T10:56:00-07:00,81
1783101480,2026-07-03T10:58:00-07:00,81
1783101540,2026-07-03T10:59:00-07:00,81
1783101600,2026-07-03T11:00:00-07:00,81
1783101660,2026-07-03T11:01:00-07:00,81
1783101720,2026-07-03T11:02:00-07:00,81
1783101960,2026-07-03T11:06:00-07:00,81
1783102020,2026-07-03T11:07:00-07:00,81
1783102080,2026-07-03T11:08:00-07:00,81
1783102140,2026-07-03T11:09:00-07:00,81
1783102200,2026-07-03T11:10:00-07:00,81
1783102260,2026-07-03T11:11:00-07:00,81
1783102620,2026-07-03T11:17:00-07:00,81
1783102680,2026-07-03T11:18:00-07:00,81
1783102740,2026-07-03T11:19:00-07:00,81
1783102800,2026-07-03T11:20:00-07:00,81
1783102860,2026-07-03T11:21:00-07:00,81
1783103640,2026-07-03T11:34:00-07:00,81
1783103700,2026-07-03T11:35:00-07:00,81
1783103760,2026-07-03T11:36:00-07:00,81
1783103820,2026-07-03T11:37:00-07:00,81
1783103880,2026-07-03T11:38:00-07:00,81
1783103940,2026-07-03T11:39:00-07:00,81
1783104000,2026-07-03T11:40:00-07:00,81
1783104060,2026-07-03T11:41:00-07:00,81
1783104120,2026-07-03T11:42:00-07:00,81
1783104180,2026-07-03T11:43:00-07:00,81
1783104480,2026-07-03T11:48:00-07:00,81
1783104540,2026-07-03T11:49:00-07:00,81
1783104600,2026-07-03T11:50:00-07:00,81
1783104660,2026-07-03T11:51:00-07:00,82
1783104720,2026-07-03T11:52:00-07:00,81
1783104780,2026-07-03T11:53:00-07:00,81
1783104840,2026-07-03T11:54:00-07:00,81
1783104900,2026-07-03T11:55:00-07:00,81
1783104960,2026-07-03T11:56:00-07:00,81
1783105320,2026-07-03T12:02:00-07:00,81
1783105380,2026-07-03T12:03:00-07:00,81
1783105440,2026-07-03T12:04:00-07:00,81
1783105500,2026-07-03T12:05:00-07:00,81
1783105560,2026-07-03T12:06:00-07:00,81
1783105740,2026-07-03T12:09:00-07:00,81
1783105800,2026-07-03T12:10:00-07:00,81
1783105860,2026-07-03T12:11:00-07:00,81
1783105920,2026-07-03T12:12:00-07:00,81
1783105980,2026-07-03T12:13:00-07:00,81
1783106820,2026-07-03T12:27:00-07:00,81
1783106880,2026-07-03T12:28:00-07:00,81
1783106940,2026-07-03T12:29:00-07:00,81
1783107000,2026-07-03T12:30:00-07:00,81
1783107060,2026-07-03T12:31:00-07:00,81
1783107240,2026-07-03T12:34:00-07:00,81
1783107300,2026-07-03T12:35:00-07:00,81
1783107360,2026-07-03T12:36:00-07:00,81
1783107420,2026-07-03T12:37:00-07:00,81
1783107480,2026-07-03T12:38:00-07:00,81
1783107540,2026-07-03T12:39:00-07:00,81
1783107600,2026-07-03T12:40:00-07:00,81
1783107660,2026-07-03T12:41:00-07:00,81
1783107720,2026-07-03T12:42:00-07:00,81
1783107780,2026-07-03T12:43:00-07:00,81
1783107840,2026-07-03T12:44:00-07:00,81
1783107900,2026-07-03T12:45:00-07:00,81
1783107960,2026-07-03T12:46:00-07:00,81
1783108020,2026-07-03T12:47:00-07:00,81
1783108080,2026-07-03T12:48:00-07:00,81
1783108140,2026-07-03T12:49:00-07:00,81
1783108260,2026-07-03T12:51:00-07:00,81
1783108320,2026-07-03T12:52:00-07:00,81
1783108380,2026-07-03T12:53:00-07:00,81
1783108440,2026-07-03T12:54:00-07:00,81
1783108500,2026-07-03T12:55:00-07:00,81
1783109160,2026-07-03T13:06:00-07:00,81
1783109220,2026-07-03T13:07:00-07:00,81
1783109280,2026-07-03T13:08:00-07:00,81
1783109340,2026-07-03T13:09:00-07:00,81
1783109400,2026-07-03T13:10:00-07:00,81
1783109520,2026-07-03T13:12:00-07:00,81
1783109580,2026-07-03T13:13:00-07:00,81
1783109640,2026-07-03T13:14:00-07:00,81
1783109700,2026-07-03T13:15:00-07:00,81
1783109760,2026-07-03T13:16:00-07:00,81
1783109820,2026-07-03T13:17:00-07:00,81
1783109880,2026-07-03T13:18:00-07:00,81
1783109940,2026-07-03T13:19:00-07:00,81
1783110000,2026-07-03T13:20:00-07:00,81
1783110060,2026-07-03T13:21:00-07:00,81
1783110120,2026-07-03T13:22:00-07:00,81
1783110840,2026-07-03T13:34:00-07:00,81
1783110900,2026-07-03T13:35:00-07:00,81
1783110960,2026-07-03T13:36:00-07:00,81
1783111020,2026-07-03T13:37:00-07:00,81
1783111080,2026-07-03T13:38:00-07:00,81
1783111320,2026-07-03T13:42:00-07:00,81
1783111380,2026-07-03T13:43:00-07:00,81
1783111440,2026-07-03T13:44:00-07:00,81
1783111500,2026-07-03T13:45:00-07:00,81
1783111560,2026-07-03T13:46:00-07:00,81
1783111620,2026-07-03T13:47:00-07:00,81
1783111680,2026-07-03T13:48:00-07:00,81
1783111740,2026-07-03T13:49:00-07:00,81
1783111800,2026-07-03T13:50:00-07:00,81
1783111860,2026-07-03T13:51:00-07:00,81
1783111980,2026-07-03T13:53:00-07:00,81
1783112040,2026-07-03T13:54:00-07:00,81
1783112100,2026-07-03T13:55:00-07:00,81
1783112160,2026-07-03T13:56:00-07:00,81
1783112220,2026-07-03T13:57:00-07:00,82
1783112280,2026-07-03T13:58:00-07:00,82
1783112340,2026-07-03T13:59:00-07:00,82
1783112400,2026-07-03T14:00:00-07:00,82
1783112460,2026-07-03T14:01:00-07:00,82
1783112580,2026-07-03T14:03:00-07:00,81
1783112640,2026-07-03T14:04:00-07:00,81
1783112700,2026-07-03T14:05:00-07:00,81
1783112760,2026-07-03T14:06:00-07:00,81
1783112820,2026-07-03T14:07:00-07:00,81
1783113960,2026-07-03T14:26:00-07:00,81
1783114020,2026-07-03T14:27:00-07:00,81
1783114080,2026-07-03T14:28:00-07:00,81
1783114140,2026-07-03T14:29:00-07:00,81
1783114200,2026-07-03T14:30:00-07:00,81
1783114260,2026-07-03T14:31:00-07:00,81
1783114320,2026-07-03T14:32:00-07:00,81
1783114380,2026-07-03T14:33:00-07:00,81
1783114440,2026-07-03T14:34:00-07:00,81
1783114500,2026-07-03T14:35:00-07:00,81
1783114560,2026-07-03T14:36:00-07:00,81
1783114620,2026-07-03T14:37:00-07:00,81
1783114740,2026-07-03T14:39:00-07:00,81
1783114800,2026-07-03T14:40:00-07:00,81
1783114860,2026-07-03T14:41:00-07:00,81
1783114920,2026-07-03T14:42:00-07:00,81
1783114980,2026-07-03T14:43:00-07:00,81
1783115700,2026-07-03T14:55:00-07:00,81
1783115760,2026-07-03T14:56:00-07:00,81
1783115820,2026-07-03T14:57:00-07:00,81
1783115880,2026-07-03T14:58:00-07:00,81
1783115940,2026-07-03T14:59:00-07:00,81
1783116000,2026-07-03T15:00:00-07:00,81
1783116540,2026-07-03T15:09:00-07:00,81
1783116600,2026-07-03T15:10:00-07:00,82
1783116660,2026-07-03T15:11:00-07:00,82
1783116720,2026-07-03T15:12:00-07:00,82
1783116780,2026-07-03T15:13:00-07:00,82
1783116840,2026-07-03T15:14:00-07:00,81
1783116900,2026-07-03T15:15:00-07:00,81
1783116960,2026-07-03T15:16:00-07:00,81
1783117020,2026-07-03T15:17:00-07:00,81
1783117080,2026-07-03T15:18:00-07:00,81
1783117140,2026-07-03T15:19:00-07:00,81
1783117200,2026-07-03T15:20:00-07:00,81
1783117260,2026-07-03T15:21:00-07:00,81
1783117320,2026-07-03T15:22:00-07:00,81
1783117380,2026-07-03T15:23:00-07:00,81
1783117440,2026-07-03T15:24:00-07:00,82
1783117500,2026-07-03T15:25:00-07:00,82
1783117560,2026-07-03T15:26:00-07:00,82
1783117620,2026-07-03T15:27:00-07:00,82
1783117680,2026-07-03T15:28:00-07:00,82
1783117740,2026-07-03T15:29:00-07:00,81
1783117800,2026-07-03T15:30:00-07:00,81
1783117860,2026-07-03T15:31:00-07:00,81
1783117920,2026-07-03T15:32:00-07:00,81
1783117980,2026-07-03T15:33:00-07:00,81
1783118040,2026-07-03T15:34:00-07:00,81
1783118100,2026-07-03T15:35:00-07:00,81
1783118160,2026-07-03T15:36:00-07:00,81
1783118700,2026-07-03T15:45:00-07:00,800
1783118760,2026-07-03T15:46:00-07:00,800
1783118820,2026-07-03T15:47:00-07:00,800
1783118880,2026-07-03T15:48:00-07:00,800
1783118940,2026-07-03T15:49:00-07:00,800
1783119840,2026-07-03T16:04:00-07:00,800
1783119900,2026-07-03T16:05:00-07:00,800
1783119960,2026-07-03T16:06:00-07:00,800
1783120020,2026-07-03T16:07:00-07:00,800
1783120080,2026-07-03T16:08:00-07:00,800
1783120140,2026-07-03T16:09:00-07:00,800
1783120200,2026-07-03T16:10:00-07:00,800
1783120260,2026-07-03T16:11:00-07:00,800
1783120320,2026-07-03T16:12:00-07:00,800
1783120380,2026-07-03T16:13:00-07:00,800
1783120440,2026-07-03T16:14:00-07:00,800
1783120500,2026-07-03T16:15:00-07:00,800
1783120560,2026-07-03T16:16:00-07:00,800
1783120620,2026-07-03T16:17:00-07:00,800
1783120980,2026-07-03T16:23:00-07:00,800
1783121040,2026-07-03T16:24:00-07:00,800
1783121100,2026-07-03T16:25:00-07:00,800
1783121160,2026-07-03T16:26:00-07:00,800
1783121220,2026-07-03T16:27:00-07:00,800
1783122180,2026-07-03T16:43:00-07:00,800
1783122240,2026-07-03T16:44:00-07:00,800
1783122300,2026-07-03T16:45:00-07:00,800
1783122360,2026-07-03T16:46:00-07:00,800
1783122420,2026-07-03T16:47:00-07:00,800
1783122480,2026-07-03T16:48:00-07:00,800
1783122540,2026-07-03T16:49:00-07:00,800
1783122600,2026-07-03T16:50:00-07:00,800
1783122660,2026-07-03T16:51:00-07:00,800
1783125180,2026-07-03T17:33:00-07:00,82
1783125240,2026-07-03T17:34:00-07:00,82
1783125300,2026-07-03T17:35:00-07:00,82
1783125360,2026-07-03T17:36:00-07:00,82
1783125420,2026-07-03T17:37:00-07:00,82
1783125480,2026-07-03T17:38:00-07:00,82
1783125840,2026-07-03T17:44:00-07:00,81
1783125900,2026-07-03T17:45:00-07:00,81
1783125960,2026-07-03T17:46:00-07:00,81
1783126020,2026-07-03T17:47:00-07:00,81
1783126080,2026-07-03T17:48:00-07:00,81
1783126200,2026-07-03T17:50:00-07:00,81
1783126260,2026-07-03T17:51:00-07:00,81
1783126320,2026-07-03T17:52:00-07:00,81
1783126380,2026-07-03T17:53:00-07:00,81
1783126440,2026-07-03T17:54:00-07:00,81
1783126500,2026-07-03T17:55:00-07:00,81
1783126560,2026-07-03T17:56:00-07:00,81
1783126620,2026-07-03T17:57:00-07:00,81
1783126680,2026-07-03T17:58:00-07:00,81
1783126740,2026-07-03T17:59:00-07:00,81
1783126800,2026-07-03T18:00:00-07:00,81
1783126860,2026-07-03T18:01:00-07:00,81
1783126920,2026-07-03T18:02:00-07:00,81
1783126980,2026-07-03T18:03:00-07:00,81
1783127040,2026-07-03T18:04:00-07:00,81
1783127100,2026-07-03T18:05:00-07:00,81
1783127160,2026-07-03T18:06:00-07:00,81
1783127820,2026-07-03T18:17:00-07:00,81
1783127880,2026-07-03T18:18:00-07:00,81
1783127940,2026-07-03T18:19:00-07:00,81
1783128000,2026-07-03T18:20:00-07:00,81
1783128060,2026-07-03T18:21:00-07:00,81
1783128120,2026-07-03T18:22:00-07:00,81
1783128180,2026-07-03T18:23:00-07:00,81
1783128240,2026-07-03T18:24:00-07:00,81
1783128300,2026-07-03T18:25:00-07:00,81
1783128360,2026-07-03T18:26:00-07:00,81
1783128420,2026-07-03T18:27:00-07:00,81
1783128480,2026-07-03T18:28:00-07:00,81
1783128960,2026-07-03T18:36:00-07:00,81
1783129020,2026-07-03T18:37:00-07:00,81
1783129080,2026-07-03T18:38:00-07:00,81
1783129140,2026-07-03T18:39:00-07:00,81
1783129200,2026-07-03T18:40:00-07:00,81
1783129260,2026-07-03T18:41:00-07:00,81
1783129320,2026-07-03T18:42:00-07:00,81
1783129380,2026-07-03T18:43:00-07:00,81
1783129440,2026-07-03T18:44:00-07:00,81
1783129500,2026-07-03T18:45:00-07:00,81
1783129560,2026-07-03T18:46:00-07:00,81
1783129620,2026-07-03T18:47:00-07:00,81
1783129740,2026-07-03T18:49:00-07:00,81
1783129800,2026-07-03T18:50:00-07:00,81
1783129860,2026-07-03T18:51:00-07:00,81
1783129920,2026-07-03T18:52:00-07:00,81
1783129980,2026-07-03T18:53:00-07:00,81
1783130040,2026-07-03T18:54:00-07:00,81
1783130100,2026-07-03T18:55:00-07:00,81
1783130160,2026-07-03T18:56:00-07:00,81
1783130220,2026-07-03T18:57:00-07:00,81
1783130280,2026-07-03T18:58:00-07:00,81
1783131660,2026-07-03T19:21:00-07:00,81
1783131720,2026-07-03T19:22:00-07:00,81
1783131780,2026-07-03T19:23:00-07:00,81
1783131840,2026-07-03T19:24:00-07:00,81
1783131900,2026-07-03T19:25:00-07:00,81
1783133220,2026-07-03T19:47:00-07:00,81
1783133280,2026-07-03T19:48:00-07:00,81
1783133340,2026-07-03T19:49:00-07:00,81
1783133400,2026-07-03T19:50:00-07:00,81
1783133460,2026-07-03T19:51:00-07:00,81
1783133580,2026-07-03T19:53:00-07:00,81
1783133640,2026-07-03T19:54:00-07:00,81
1783133700,2026-07-03T19:55:00-07:00,81
1783133760,2026-07-03T19:56:00-07:00,81
1783133820,2026-07-03T19:57:00-07:00,81
1783134900,2026-07-03T20:15:00-07:00,82
1783134960,2026-07-03T20:16:00-07:00,81
1783135020,2026-07-03T20:17:00-07:00,81
1783135080,2026-07-03T20:18:00-07:00,81
1783135140,2026-07-03T20:19:00-07:00,81
1783135200,2026-07-03T20:20:00-07:00,81
1783135260,2026-07-03T20:21:00-07:00,81
1783135320,2026-07-03T20:22:00-07:00,81
1783135380,2026-07-03T20:23:00-07:00,81
1783135440,2026-07-03T20:24:00-07:00,81
1783135500,2026-07-03T20:25:00-07:00,81
1783135560,2026-07-03T20:26:00-07:00,81
1783135620,2026-07-03T20:27:00-07:00,81
1783135680,2026-07-03T20:28:00-07:00,81
1783135740,2026-07-03T20:29:00-07:00,81
1783135800,2026-07-03T20:30:00-07:00,81
1783135860,2026-07-03T20:31:00-07:00,81
1783135920,2026-07-03T20:32:00-07:00,81
1783135980,2026-07-03T20:33:00-07:00,81
1783136040,2026-07-03T20:34:00-07:00,81
1783136100,2026-07-03T20:35:00-07:00,81
1783136160,2026-07-03T20:36:00-07:00,81
1783136220,2026-07-03T20:37:00-07:00,81
1783136280,2026-07-03T20:38:00-07:00,81
1783136520,2026-07-03T20:42:00-07:00,81
1783136580,2026-07-03T20:43:00-07:00,81
1783136640,2026-07-03T20:44:00-07:00,81
1783136700,2026-07-03T20:45:00-07:00,81
1783136760,2026-07-03T20:46:00-07:00,81
1783136820,2026-07-03T20:47:00-07:00,81
1783136880,2026-07-03T20:48:00-07:00,81
1783136940,2026-07-03T20:49:00-07:00,81
1783137000,2026-07-03T20:50:00-07:00,81
1783137060,2026-07-03T20:51:00-07:00,81
1783137120,2026-07-03T20:52:00-07:00,81
1783137180,2026-07-03T20:53:00-07:00,81
1783137240,2026-07-03T20:54:00-07:00,81
1783137300,2026-07-03T20:55:00-07:00,81
1783137360,2026-07-03T20:56:00-07:00,81
1783137420,2026-07-03T20:57:00-07:00,81
1783137480,2026-07-03T20:58:00-07:00,81
1783137540,2026-07-03T20:59:00-07:00,81
1783137600,2026-07-03T21:00:00-07:00,81
1783137660,2026-07-03T21:01:00-07:00,81
1783137720,2026-07-03T21:02:00-07:00,81
1783137780,2026-07-03T21:03:00-07:00,81
1783137840,2026-07-03T21:04:00-07:00,81
1783137900,2026-07-03T21:05:00-07:00,81
1783137960,2026-07-03T21:06:00-07:00,81
1783138020,2026-07-03T21:07:00-07:00,81
1783138080,2026-07-03T21:08:00-07:00,81
1783138140,2026-07-03T21:09:00-07:00,81
1783138200,2026-07-03T21:10:00-07:00,81
1783138260,2026-07-03T21:11:00-07:00,81
1783138320,2026-07-03T21:12:00-07:00,81
1783138380,2026-07-03T21:13:00-07:00,81
1783138440,2026-07-03T21:14:00-07:00,81
1783138500,2026-07-03T21:15:00-07:00,81
1783138560,2026-07-03T21:16:00-07:00,81
1783138620,2026-07-03T21:17:00-07:00,81
1783138680,2026-07-03T21:18:00-07:00,81
1783138740,2026-07-03T21:19:00-07:00,81
1783138800,2026-07-03T21:20:00-07:00,81
1783138860,2026-07-03T21:21:00-07:00,81
1783138920,2026-07-03T21:22:00-07:00,81
1783138980,2026-07-03T21:23:00-07:00,81
1783139040,2026-07-03T21:24:00-07:00,81
1783139100,2026-07-03T21:25:00-07:00,81
1783139160,2026-07-03T21:26:00-07:00,81
1783139220,2026-07-03T21:27:00-07:00,81
1783139280,2026-07-03T21:28:00-07:00,81
1783139340,2026-07-03T21:29:00-07:00,81
1783139400,2026-07-03T21:30:00-07:00,81
1783139460,2026-07-03T21:31:00-07:00,81
1783139520,2026-07-03T21:32:00-07:00,81
1783139580,2026-07-03T21:33:00-07:00,81
1783139640,2026-07-03T21:34:00-07:00,81
1783139700,2026-07-03T21:35:00-07:00,81
1783139760,2026-07-03T21:36:00-07:00,81
1783139820,2026-07-03T21:37:00-07:00,81
1783139880,2026-07-03T21:38:00-07:00,81
1783139940,2026-07-03T21:39:00-07:00,81
1783140060,2026-07-03T21:41:00-07:00,81
1783140120,2026-07-03T21:42:00-07:00,81
1783140180,2026-07-03T21:43:00-07:00,81
1783140240,2026-07-03T21:44:00-07:00,81
1783140300,2026-07-03T21:45:00-07:00,81
1783140360,2026-07-03T21:46:00-07:00,81
1783140420,2026-07-03T21:47:00-07:00,81
1783140480,2026-07-03T21:48:00-07:00,81
1783140540,2026-07-03T21:49:00-07:00,81
1783140600,2026-07-03T21:50:00-07:00,81
1783140660,2026-07-03T21:51:00-07:00,81
1783140720,2026-07-03T21:52:00-07:00,81
1783140780,2026-07-03T21:53:00-07:00,81
1783140840,2026-07-03T21:54:00-07:00,81
1783140900,2026-07-03T21:55:00-07:00,81
1783141080,2026-07-03T21:58:00-07:00,81
1783141140,2026-07-03T21:59:00-07:00,81
1783141200,2026-07-03T22:00:00-07:00,81
1783141260,2026-07-03T22:01:00-07:00,81
1783141320,2026-07-03T22:02:00-07:00,81
1783141380,2026-07-03T22:03:00-07:00,81
1783141440,2026-07-03T22:04:00-07:00,81
1783141500,2026-07-03T22:05:00-07:00,81
1783141560,2026-07-03T22:06:00-07:00,81
1783141620,2026-07-03T22:07:00-07:00,81
1783141680,2026-07-03T22:08:00-07:00,81
1783141740,2026-07-03T22:09:00-07:00,81
1783141800,2026-07-03T22:10:00-07:00,81
1783141860,2026-07-03T22:11:00-07:00,81
1783141920,2026-07-03T22:12:00-07:00,81
1783141980,2026-07-03T22:13:00-07:00,81
1783142040,2026-07-03T22:14:00-07:00,81
1783142100,2026-07-03T22:15:00-07:00,81
1783142160,2026-07-03T22:16:00-07:00,81
1783142220,2026-07-03T22:17:00-07:00,81
1783142280,2026-07-03T22:18:00-07:00,81
1783142340,2026-07-03T22:19:00-07:00,81
1783142400,2026-07-03T22:20:00-07:00,81
1783142460,2026-07-03T22:21:00-07:00,81
1783142520,2026-07-03T22:22:00-07:00,81
1783142580,2026-07-03T22:23:00-07:00,81
1783142640,2026-07-03T22:24:00-07:00,81
1783142700,2026-07-03T22:25:00-07:00,81
1783142760,2026-07-03T22:26:00-07:00,81
1783142820,2026-07-03T22:27:00-07:00,81
1783142880,2026-07-03T22:28:00-07:00,81
1783142940,2026-07-03T22:29:00-07:00,81
1783143000,2026-07-03T22:30:00-07:00,81
1783143060,2026-07-03T22:31:00-07:00,81
1783143120,2026-07-03T22:32:00-07:00,81
1783143180,2026-07-03T22:33:00-07:00,81
1783143240,2026-07-03T22:34:00-07:00,81
1783143300,2026-07-03T22:35:00-07:00,81
1783143360,2026-07-03T22:36:00-07:00,81
1783143420,2026-07-03T22:37:00-07:00,81
1783143480,2026-07-03T22:38:00-07:00,81
1783143540,2026-07-03T22:39:00-07:00,81
1783143600,2026-07-03T22:40:00-07:00,81
1783143660,2026-07-03T22:41:00-07:00,81
1783143720,2026-07-03T22:42:00-07:00,81
1783143780,2026-07-03T22:43:00-07:00,81
1783143840,2026-07-03T22:44:00-07:00,81
1783143900,2026-07-03T22:45:00-07:00,81
1783143960,2026-07-03T22:46:00-07:00,81
1783144020,2026-07-03T22:47:00-07:00,81
1783144080,2026-07-03T22:48:00-07:00,81
1783144140,2026-07-03T22:49:00-07:00,81
1783144200,2026-07-03T22:50:00-07:00,81
1783144260,2026-07-03T22:51:00-07:00,81
1783144320,2026-07-03T22:52:00-07:00,81
1783144380,2026-07-03T22:53:00-07:00,81
1783144440,2026-07-03T22:54:00-07:00,81
1783144500,2026-07-03T22:55:00-07:00,81
1783144560,2026-07-03T22:56:00-07:00,81
1783144620,2026-07-03T22:57:00-07:00,81
1783144680,2026-07-03T22:58:00-07:00,81
1783144740,2026-07-03T22:59:00-07:00,81
1783144800,2026-07-03T23:00:00-07:00,81
1783144860,2026-07-03T23:01:00-07:00,81
1783144920,2026-07-03T23:02:00-07:00,81
1783144980,2026-07-03T23:03:00-07:00,81
1783145040,2026-07-03T23:04:00-07:00,81
1783145100,2026-07-03T23:05:00-07:00,81
1783145160,2026-07-03T23:06:00-07:00,81
1783145220,2026-07-03T23:07:00-07:00,81
1783145280,2026-07-03T23:08:00-07:00,81
1783145340,2026-07-03T23:09:00-07:00,81
1783145400,2026-07-03T23:10:00-07:00,81
1783145520,2026-07-03T23:12:00-07:00,81
1783145580,2026-07-03T23:13:00-07:00,81
1783145640,2026-07-03T23:14:00-07:00,81
1783145700,2026-07-03T23:15:00-07:00,81
1783145760,2026-07-03T23:16:00-07:00,81
1783145820,2026-07-03T23:17:00-07:00,81
1783145880,2026-07-03T23:18:00-07:00,81
1783145940,2026-07-03T23:19:00-07:00,81
1783146000,2026-07-03T23:20:00-07:00,81
1783146060,2026-07-03T23:21:00-07:00,81
1783146120,2026-07-03T23:22:00-07:00,81
1783146180,2026-07-03T23:23:00-07:00,81
1783146240,2026-07-03T23:24:00-07:00,81
1783146300,2026-07-03T23:25:00-07:00,81
1783146360,2026-07-03T23:26:00-07:00,81
1783146420,2026-07-03T23:27:00-07:00,81
1783146480,2026-07-03T23:28:00-07:00,81
1783146540,2026-07-03T23:29:00-07:00,81
1783146600,2026-07-03T23:30:00-07:00,81
1783146660,2026-07-03T23:31:00-07:00,81
1783146720,2026-07-03T23:32:00-07:00,81
1783146780,2026-07-03T23:33:00-07:00,81
1783146840,2026-07-03T23:34:00-07:00,81
1783146900,2026-07-03T23:35:00-07:00,81
1783146960,2026-07-03T23:36:00-07:00,81
1783147020,2026-07-03T23:37:00-07:00,81
1783147080,2026-07-03T23:38:00-07:00,81
1783147140,2026-07-03T23:39:00-07:00,81
1783147200,2026-07-03T23:40:00-07:00,81
1783147260,2026-07-03T23:41:00-07:00,81
1783147320,2026-07-03T23:42:00-07:00,81
1783147380,2026-07-03T23:43:00-07:00,81
1783147440,2026-07-03T23:44:00-07:00,81
1783147500,2026-07-03T23:45:00-07:00,81
1783147560,2026-07-03T23:46:00-07:00,81
1783147620,2026-07-03T23:47:00-07:00,81
1783147680,2026-07-03T23:48:00-07:00,81
1783147740,2026-07-03T23:49:00-07:00,81
1783147800,2026-07-03T23:50:00-07:00,81
1783147860,2026-07-03T23:51:00-07:00,81
1783148340,2026-07-03T23:59:00-07:00,81
1783148400,2026-07-04T00:00:00-07:00,81
1783148460,2026-07-04T00:01:00-07:00,81
1783148520,2026-07-04T00:02:00-07:00,81
1783148580,2026-07-04T00:03:00-07:00,81
1783151940,2026-07-04T00:59:00-07:00,81
1783152000,2026-07-04T01:00:00-07:00,81
1783152060,2026-07-04T01:01:00-07:00,81
1783152120,2026-07-04T01:02:00-07:00,81
1783152180,2026-07-04T01:03:00-07:00,81
1783152240,2026-07-04T01:04:00-07:00,81
1783155240,2026-07-04T01:54:00-07:00,81
1783155300,2026-07-04T01:55:00-07:00,81
1783155360,2026-07-04T01:56:00-07:00,81
1783155420,2026-07-04T01:57:00-07:00,81
1783155480,2026-07-04T01:58:00-07:00,81
1783155540,2026-07-04T01:59:00-07:00,81
1783158600,2026-07-04T02:50:00-07:00,81
1783158660,2026-07-04T02:51:00-07:00,81
1783158720,2026-07-04T02:52:00-07:00,81
1783158780,2026-07-04T02:53:00-07:00,81
1783158840,2026-07-04T02:54:00-07:00,81
1783158900,2026-07-04T02:55:00-07:00,81
1783158960,2026-07-04T02:56:00-07:00,81
1783159020,2026-07-04T02:57:00-07:00,81
1783159080,2026-07-04T02:58:00-07:00,81
1783159140,2026-07-04T02:59:00-07:00,81
1783166280,2026-07-04T04:58:00-07:00,81
1783166340,2026-07-04T04:59:00-07:00,81
1783166400,2026-07-04T05:00:00-07:00,81
1783166460,2026-07-04T05:01:00-07:00,81
1783166520,2026-07-04T05:02:00-07:00,81
1783166580,2026-07-04T05:03:00-07:00,81
1783171680,2026-07-04T06:28:00-07:00,81
1783171740,2026-07-04T06:29:00-07:00,81
1783171800,2026-07-04T06:30:00-07:00,81
1783171860,2026-07-04T06:31:00-07:00,81
1783171920,2026-07-04T06:32:00-07:00,81
1783171980,2026-07-04T06:33:00-07:00,81
1783173300,2026-07-04T06:55:00-07:00,82
1783173360,2026-07-04T06:56:00-07:00,82
1783173420,2026-07-04T06:57:00-07:00,82
1783173480,2026-07-04T06:58:00-07:00,82
1783173540,2026-07-04T06:59:00-07:00,82
1783173600,2026-07-04T07:00:00-07:00,82
1783173660,2026-07-04T07:01:00-07:00,82
1783173720,2026-07-04T07:02:00-07:00,81
1783173780,2026-07-04T07:03:00-07:00,81
1783173840,2026-07-04T07:04:00-07:00,81
1783173900,2026-07-04T07:05:00-07:00,81
1783173960,2026-07-04T07:06:00-07:00,81
1783174020,2026-07-04T07:07:00-07:00,81
1783174080,2026-07-04T07:08:00-07:00,81
1783175640,2026-07-04T07:34:00-07:00,81
1783175700,2026-07-04T07:35:00-07:00,81
1783175760,2026-07-04T07:36:00-07:00,81
1783175820,2026-07-04T07:37:00-07:00,81
1783175880,2026-07-04T07:38:00-07:00,81
1783175940,2026-07-04T07:39:00-07:00,81
1783176000,2026-07-04T07:40:00-07:00,81
1783176060,2026-07-04T07:41:00-07:00,81
1783176360,2026-07-04T07:46:00-07:00,81
1783176420,2026-07-04T07:47:00-07:00,81
1783176480,2026-07-04T07:48:00-07:00,81
1783176540,2026-07-04T07:49:00-07:00,81
1783176600,2026-07-04T07:50:00-07:00,81
1783176660,2026-07-04T07:51:00-07:00,81
1783177440,2026-07-04T08:04:00-07:00,81
1783177500,2026-07-04T08:05:00-07:00,81
1783177560,2026-07-04T08:06:00-07:00,81
1783177620,2026-07-04T08:07:00-07:00,81
1783177680,2026-07-04T08:08:00-07:00,81
1783178160,2026-07-04T08:16:00-07:00,81
1783178220,2026-07-04T08:17:00-07:00,81
1783178280,2026-07-04T08:18:00-07:00,81
1783178340,2026-07-04T08:19:00-07:00,81
1783178400,2026-07-04T08:20:00-07:00,81
1783178520,2026-07-04T08:22:00-07:00,81
1783178580,2026-07-04T08:23:00-07:00,81
1783178640,2026-07-04T08:24:00-07:00,81
1783178700,2026-07-04T08:25:00-07:00,81
1783178760,2026-07-04T08:26:00-07:00,81
1783178820,2026-07-04T08:27:00-07:00,81
1783178880,2026-07-04T08:28:00-07:00,81
1783178940,2026-07-04T08:29:00-07:00,81
1783179000,2026-07-04T08:30:00-07:00,81
1783179060,2026-07-04T08:31:00-07:00,81
1783179120,2026-07-04T08:32:00-07:00,81
1783180080,2026-07-04T08:48:00-07:00,81
1783180140,2026-07-04T08:49:00-07:00,81
1783180200,2026-07-04T08:50:00-07:00,81
1783180260,2026-07-04T08:51:00-07:00,81
1783180320,2026-07-04T08:52:00-07:00,81
1783180380,2026-07-04T08:53:00-07:00,81
1783180920,2026-07-04T09:02:00-07:00,81
1783180980,2026-07-04T09:03:00-07:00,81
1783181040,2026-07-04T09:04:00-07:00,81
1783181100,2026-07-04T09:05:00-07:00,81
1783181160,2026-07-04T09:06:00-07:00,81
1783181220,2026-07-04T09:07:00-07:00,81
1783181280,2026-07-04T09:08:00-07:00,81
1783181340,2026-07-04T09:09:00-07:00,81
1783181400,2026-07-04T09:10:00-07:00,81
1783182780,2026-07-04T09:33:00-07:00,81
1783182840,2026-07-04T09:34:00-07:00,81
1783182900,2026-07-04T09:35:00-07:00,81
1783182960,2026-07-04T09:36:00-07:00,81
1783183020,2026-07-04T09:37:00-07:00,81
1783183080,2026-07-04T09:38:00-07:00,81
1783183140,2026-07-04T09:39:00-07:00,81
1783183200,2026-07-04T09:40:00-07:00,81
1783183260,2026-07-04T09:41:00-07:00,81
1783183320,2026-07-04T09:42:00-07:00,81
1783183380,2026-07-04T09:43:00-07:00,81
1783183440,2026-07-04T09:44:00-07:00,81
1783183620,2026-07-04T09:47:00-07:00,81
1783183680,2026-07-04T09:48:00-07:00,81
1783183740,2026-07-04T09:49:00-07:00,81
1783183800,2026-07-04T09:50:00-07:00,81
1783183860,2026-07-04T09:51:00-07:00,81
1783184640,2026-07-04T10:04:00-07:00,81
1783184700,2026-07-04T10:05:00-07:00,81
1783184760,2026-07-04T10:06:00-07:00,81
1783184820,2026-07-04T10:07:00-07:00,81
1783184880,2026-07-04T10:08:00-07:00,81
1783184940,2026-07-04T10:09:00-07:00,81
1783185000,2026-07-04T10:10:00-07:00,81
1783185060,2026-07-04T10:11:00-07:00,81
1783185120,2026-07-04T10:12:00-07:00,81
1783185180,2026-07-04T10:13:00-07:00,81
1783186800,2026-07-04T10:40:00-07:00,81
1783186860,2026-07-04T10:41:00-07:00,81
1783186920,2026-07-04T10:42:00-07:00,81
1783186980,2026-07-04T10:43:00-07:00,81
1783187040,2026-07-04T10:44:00-07:00,81
1783187280,2026-07-04T10:48:00-07:00,81
1783187340,2026-07-04T10:49:00-07:00,255
1783187400,2026-07-04T10:50:00-07:00,255
1783187460,2026-07-04T10:51:00-07:00,255
1783187520,2026-07-04T10:52:00-07:00,255
1783187580,2026-07-04T10:53:00-07:00,81
1783187640,2026-07-04T10:54:00-07:00,255
1783187700,2026-07-04T10:55:00-07:00,81
1783187760,2026-07-04T10:56:00-07:00,81
1783187820,2026-07-04T10:57:00-07:00,81
1783187880,2026-07-04T10:58:00-07:00,81
1783187940,2026-07-04T10:59:00-07:00,81
1783188000,2026-07-04T11:00:00-07:00,81
1783188060,2026-07-04T11:01:00-07:00,81
1783188120,2026-07-04T11:02:00-07:00,81
1783188180,2026-07-04T11:03:00-07:00,81
1783188240,2026-07-04T11:04:00-07:00,81
1783188300,2026-07-04T11:05:00-07:00,81
1783188360,2026-07-04T11:06:00-07:00,81
1783188480,2026-07-04T11:08:00-07:00,81
1783188540,2026-07-04T11:09:00-07:00,81
1783188600,2026-07-04T11:10:00-07:00,81
1783188660,2026-07-04T11:11:00-07:00,81
1783188720,2026-07-04T11:12:00-07:00,81
1783188780,2026-07-04T11:13:00-07:00,81
1783188900,2026-07-04T11:15:00-07:00,81
1783188960,2026-07-04T11:16:00-07:00,81
1783189020,2026-07-04T11:17:00-07:00,81
1783189080,2026-07-04T11:18:00-07:00,81
1783189140,2026-07-04T11:19:00-07:00,81
1783189200,2026-07-04T11:20:00-07:00,81
1783189260,2026-07-04T11:21:00-07:00,81
1783189320,2026-07-04T11:22:00-07:00,81
1783189380,2026-07-04T11:23:00-07:00,81
1783189440,2026-07-04T11:24:00-07:00,81
1783189920,2026-07-04T11:32:00-07:00,81
1783189980,2026-07-04T11:33:00-07:00,81
1783190040,2026-07-04T11:34:00-07:00,81
1783190100,2026-07-04T11:35:00-07:00,81
1783190160,2026-07-04T11:36:00-07:00,81
1783190220,2026-07-04T11:37:00-07:00,81
1783190280,2026-07-04T11:38:00-07:00,81
1783190340,2026-07-04T11:39:00-07:00,81
1783190400,2026-07-04T11:40:00-07:00,81
1783190460,2026-07-04T11:41:00-07:00,81
1783190580,2026-07-04T11:43:00-07:00,81
1783190640,2026-07-04T11:44:00-07:00,81
1783190700,2026-07-04T11:45:00-07:00,81
1783190760,2026-07-04T11:46:00-07:00,81
1783190820,2026-07-04T11:47:00-07:00,81
1783190880,2026-07-04T11:48:00-07:00,81
1783190940,2026-07-04T11:49:00-07:00,81
1783191000,2026-07-04T11:50:00-07:00,81
1783191060,2026-07-04T11:51:00-07:00,81
1783191120,2026-07-04T11:52:00-07:00,81
1783191900,2026-07-04T12:05:00-07:00,81
1783191960,2026-07-04T12:06:00-07:00,81
1783192020,2026-07-04T12:07:00-07:00,81
1783192080,2026-07-04T12:08:00-07:00,81
1783192140,2026-07-04T12:09:00-07:00,81
1783192200,2026-07-04T12:10:00-07:00,81
1783192260,2026-07-04T12:11:00-07:00,81
1783192860,2026-07-04T12:21:00-07:00,81
1783192920,2026-07-04T12:22:00-07:00,81
1783192980,2026-07-04T12:23:00-07:00,81
1783193040,2026-07-04T12:24:00-07:00,81
1783193100,2026-07-04T12:25:00-07:00,81
1783193640,2026-07-04T12:34:00-07:00,81
1783193700,2026-07-04T12:35:00-07:00,81
1783193760,2026-07-04T12:36:00-07:00,81
1783193820,2026-07-04T12:37:00-07:00,81
1783193880,2026-07-04T12:38:00-07:00,81
1783193940,2026-07-04T12:39:00-07:00,81
1783194000,2026-07-04T12:40:00-07:00,81
1783194060,2026-07-04T12:41:00-07:00,81
1783194120,2026-07-04T12:42:00-07:00,81
1783194840,2026-07-04T12:54:00-07:00,81
1783194900,2026-07-04T12:55:00-07:00,81
1783194960,2026-07-04T12:56:00-07:00,81
1783195020,2026-07-04T12:57:00-07:00,81
1783195080,2026-07-04T12:58:00-07:00,81
1783196460,2026-07-04T13:21:00-07:00,81
1783196520,2026-07-04T13:22:00-07:00,81
1783196580,2026-07-04T13:23:00-07:00,81
1783196640,2026-07-04T13:24:00-07:00,81
1783196700,2026-07-04T13:25:00-07:00,81
1783196760,2026-07-04T13:26:00-07:00,81
1783197420,2026-07-04T13:37:00-07:00,81
1783197480,2026-07-04T13:38:00-07:00,81
1783197540,2026-07-04T13:39:00-07:00,81
1783197600,2026-07-04T13:40:00-07:00,81
1783197660,2026-07-04T13:41:00-07:00,81
1783197720,2026-07-04T13:42:00-07:00,81
1783197840,2026-07-04T13:44:00-07:00,82
1783197900,2026-07-04T13:45:00-07:00,82
1783197960,2026-07-04T13:46:00-07:00,82
1783198020,2026-07-04T13:47:00-07:00,82
1783198080,2026-07-04T13:48:00-07:00,82
1783198140,2026-07-04T13:49:00-07:00,82
1783198200,2026-07-04T13:50:00-07:00,82
1783201920,2026-07-04T14:52:00-07:00,800
1783201980,2026-07-04T14:53:00-07:00,800
1783202040,2026-07-04T14:54:00-07:00,800
1783202100,2026-07-04T14:55:00-07:00,800
1783202160,2026-07-04T14:56:00-07:00,800
1783202220,2026-07-04T14:57:00-07:00,800
1783207560,2026-07-04T16:26:00-07:00,81
1783207620,2026-07-04T16:27:00-07:00,81
1783207680,2026-07-04T16:28:00-07:00,81
1783207740,2026-07-04T16:29:00-07:00,81
1783207800,2026-07-04T16:30:00-07:00,81
1783208460,2026-07-04T16:41:00-07:00,81
1783208520,2026-07-04T16:42:00-07:00,81
1783208580,2026-07-04T16:43:00-07:00,81
1783208640,2026-07-04T16:44:00-07:00,81
1783208700,2026-07-04T16:45:00-07:00,81
1783208760,2026-07-04T16:46:00-07:00,81
1783208820,2026-07-04T16:47:00-07:00,82
1783208880,2026-07-04T16:48:00-07:00,82
1783208940,2026-07-04T16:49:00-07:00,82
1783209000,2026-07-04T16:50:00-07:00,82
1783209060,2026-07-04T16:51:00-07:00,82
1783209120,2026-07-04T16:52:00-07:00,82
1783209180,2026-07-04T16:53:00-07:00,82
1783209240,2026-07-04T16:54:00-07:00,81
1783209300,2026-07-04T16:55:00-07:00,81
1783209360,2026-07-04T16:56:00-07:00,81
1783209420,2026-07-04T16:57:00-07:00,81
1783209480,2026-07-04T16:58:00-07:00,81
1783209600,2026-07-04T17:00:00-07:00,81
1783209660,2026-07-04T17:01:00-07:00,81
1783209720,2026-07-04T17:02:00-07:00,81
1783209780,2026-07-04T17:03:00-07:00,81
1783209840,2026-07-04T17:04:00-07:00,81
1783209900,2026-07-04T17:05:00-07:00,81
1783210500,2026-07-04T17:15:00-07:00,81
1783210560,2026-07-04T17:16:00-07:00,81
1783210620,2026-07-04T17:17:00-07:00,81
1783210680,2026-07-04T17:18:00-07:00,81
1783210740,2026-07-04T17:19:00-07:00,81
1783210860,2026-07-04T17:21:00-07:00,81
1783210920,2026-07-04T17:22:00-07:00,81
1783210980,2026-07-04T17:23:00-07:00,81
1783211040,2026-07-04T17:24:00-07:00,81
1783211100,2026-07-04T17:25:00-07:00,81
1783211160,2026-07-04T17:26:00-07:00,81
1783211280,2026-07-04T17:28:00-07:00,81
1783211340,2026-07-04T17:29:00-07:00,81
1783211400,2026-07-04T17:30:00-07:00,81
1783211460,2026-07-04T17:31:00-07:00,81
1783211520,2026-07-04T17:32:00-07:00,81
1783211580,2026-07-04T17:33:00-07:00,81
1783211640,2026-07-04T17:34:00-07:00,81
1783211700,2026-07-04T17:35:00-07:00,81
1783211760,2026-07-04T17:36:00-07:00,81
1783211820,2026-07-04T17:37:00-07:00,81
1783211880,2026-07-04T17:38:00-07:00,81
1783211940,2026-07-04T17:39:00-07:00,81
1783212000,2026-07-04T17:40:00-07:00,81
1783212060,2026-07-04T17:41:00-07:00,81
1783212120,2026-07-04T17:42:00-07:00,81
1783212180,2026-07-04T17:43:00-07:00,81
1783212240,2026-07-04T17:44:00-07:00,81
1783212300,2026-07-04T17:45:00-07:00,81
1783212360,2026-07-04T17:46:00-07:00,81
1783212420,2026-07-04T17:47:00-07:00,81
1783212480,2026-07-04T17:48:00-07:00,81
1783212540,2026-07-04T17:49:00-07:00,81
1783212600,2026-07-04T17:50:00-07:00,81
1783212660,2026-07-04T17:51:00-07:00,81
1783212720,2026-07-04T17:52:00-07:00,81
1783212780,2026-07-04T17:53:00-07:00,81
1783212840,2026-07-04T17:54:00-07:00,81
1783212900,2026-07-04T17:55:00-07:00,81
1783212960,2026-07-04T17:56:00-07:00,81
1783213020,2026-07-04T17:57:00-07:00,81
1783213080,2026-07-04T17:58:00-07:00,81
1783213140,2026-07-04T17:59:00-07:00,81
1783213200,2026-07-04T18:00:00-07:00,81
1783213260,2026-07-04T18:01:00-07:00,81
1783213320,2026-07-04T18:02:00-07:00,81
1783213380,2026-07-04T18:03:00-07:00,81
1783213440,2026-07-04T18:04:00-07:00,81
1783213500,2026-07-04T18:05:00-07:00,81
1783213560,2026-07-04T18:06:00-07:00,81
1783213620,2026-07-04T18:07:00-07:00,81
1783213680,2026-07-04T18:08:00-07:00,81
1783213740,2026-07-04T18:09:00-07:00,81
1783213800,2026-07-04T18:10:00-07:00,81
1783213860,2026-07-04T18:11:00-07:00,81
1783213920,2026-07-04T18:12:00-07:00,81
1783213980,2026-07-04T18:13:00-07:00,81
1783214040,2026-07-04T18:14:00-07:00,81
1783214100,2026-07-04T18:15:00-07:00,81
1783214160,2026-07-04T18:16:00-07:00,81
1783214220,2026-07-04T18:17:00-07:00,81
1783214280,2026-07-04T18:18:00-07:00,81
1783214340,2026-07-04T18:19:00-07:00,81
1783214400,2026-07-04T18:20:00-07:00,81
1783214460,2026-07-04T18:21:00-07:00,81
1783214520,2026-07-04T18:22:00-07:00,81
1783214580,2026-07-04T18:23:00-07:00,81
1783214640,2026-07-04T18:24:00-07:00,81
1783214700,2026-07-04T18:25:00-07:00,81
1783214760,2026-07-04T18:26:00-07:00,81
1783214820,2026-07-04T18:27:00-07:00,81
1783214880,2026-07-04T18:28:00-07:00,81
1783214940,2026-07-04T18:29:00-07:00,81
1783215000,2026-07-04T18:30:00-07:00,81
1783215060,2026-07-04T18:31:00-07:00,81
1783215120,2026-07-04T18:32:00-07:00,81
1783215180,2026-07-04T18:33:00-07:00,81
1783215240,2026-07-04T18:34:00-07:00,81
1783215300,2026-07-04T18:35:00-07:00,81
1783215360,2026-07-04T18:36:00-07:00,81
1783215420,2026-07-04T18:37:00-07:00,81
1783215480,2026-07-04T18:38:00-07:00,81
1783215540,2026-07-04T18:39:00-07:00,81
1783215600,2026-07-04T18:40:00-07:00,81
1783215660,2026-07-04T18:41:00-07:00,81
1783215720,2026-07-04T18:42:00-07:00,81
1783215780,2026-07-04T18:43:00-07:00,81
1783215840,2026-07-04T18:44:00-07:00,81
1783215900,2026-07-04T18:45:00-07:00,81
1783215960,2026-07-04T18:46:00-07:00,81
1783216020,2026-07-04T18:47:00-07:00,81
1783216080,2026-07-04T18:48:00-07:00,81
1783216140,2026-07-04T18:49:00-07:00,81
1783216200,2026-07-04T18:50:00-07:00,81
1783216260,2026-07-04T18:51:00-07:00,81
1783216320,2026-07-04T18:52:00-07:00,81
1783216380,2026-07-04T18:53:00-07:00,81
1783216440,2026-07-04T18:54:00-07:00,81
1783216500,2026-07-04T18:55:00-07:00,81
1783216560,2026-07-04T18:56:00-07:00,81
1783216620,2026-07-04T18:57:00-07:00,81
1783216680,2026-07-04T18:58:00-07:00,81
1783216740,2026-07-04T18:59:00-07:00,81
1783216800,2026-07-04T19:00:00-07:00,81
1783216860,2026-07-04T19:01:00-07:00,81
1783216920,2026-07-04T19:02:00-07:00,81
1783216980,2026-07-04T19:03:00-07:00,81
1783217040,2026-07-04T19:04:00-07:00,81
1783217100,2026-07-04T19:05:00-07:00,81
1783217160,2026-07-04T19:06:00-07:00,81
1783217220,2026-07-04T19:07:00-07:00,81
1783217280,2026-07-04T19:08:00-07:00,81
1783217340,2026-07-04T19:09:00-07:00,81
1783217400,2026-07-04T19:10:00-07:00,81
1783217460,2026-07-04T19:11:00-07:00,81
1783217520,2026-07-04T19:12:00-07:00,81
1783217580,2026-07-04T19:13:00-07:00,81
1783217640,2026-07-04T19:14:00-07:00,81
1783217700,2026-07-04T19:15:00-07:00,81
1783217760,2026-07-04T19:16:00-07:00,81
1783217820,2026-07-04T19:17:00-07:00,81
1783217880,2026-07-04T19:18:00-07:00,81
1783217940,2026-07-04T19:19:00-07:00,81
1783218000,2026-07-04T19:20:00-07:00,81
1783218060,2026-07-04T19:21:00-07:00,81
1783218120,2026-07-04T19:22:00-07:00,81
1783218180,2026-07-04T19:23:00-07:00,81
1783218240,2026-07-04T19:24:00-07:00,81
1783218300,2026-07-04T19:25:00-07:00,81
1783218360,2026-07-04T19:26:00-07:00,81
1783218420,2026-07-04T19:27:00-07:00,81
1783218480,2026-07-04T19:28:00-07:00,81
1783218540,2026-07-04T19:29:00-07:00,81
1783218600,2026-07-04T19:30:00-07:00,81
1783218660,2026-07-04T19:31:00-07:00,81
1783218720,2026-07-04T19:32:00-07:00,81
1783218780,2026-07-04T19:33:00-07:00,81
1783218840,2026-07-04T19:34:00-07:00,81
1783218900,2026-07-04T19:35:00-07:00,81
1783218960,2026-07-04T19:36:00-07:00,81
1783219020,2026-07-04T19:37:00-07:00,81
1783219080,2026-07-04T19:38:00-07:00,81
1783219140,2026-07-04T19:39:00-07:00,81
1783219200,2026-07-04T19:40:00-07:00,81
1783219260,2026-07-04T19:41:00-07:00,81
1783219320,2026-07-04T19:42:00-07:00,81
1783219380,2026-07-04T19:43:00-07:00,81
1783219440,2026-07-04T19:44:00-07:00,81
1783219500,2026-07-04T19:45:00-07:00,81
1783219560,2026-07-04T19:46:00-07:00,81
1783219620,2026-07-04T19:47:00-07:00,81
1783219680,2026-07-04T19:48:00-07:00,81
1783219740,2026-07-04T19:49:00-07:00,81
1783219800,2026-07-04T19:50:00-07:00,81
1783219860,2026-07-04T19:51:00-07:00,81
1783219920,2026-07-04T19:52:00-07:00,81
1783219980,2026-07-04T19:53:00-07:00,81
1783220040,2026-07-04T19:54:00-07:00,81
1783220100,2026-07-04T19:55:00-07:00,81
1783220160,2026-07-04T19:56:00-07:00,81
1783220220,2026-07-04T19:57:00-07:00,81
1783220280,2026-07-04T19:58:00-07:00,81
1783220340,2026-07-04T19:59:00-07:00,81
1783220400,2026-07-04T20:00:00-07:00,81
1783220460,2026-07-04T20:01:00-07:00,81
1783220520,2026-07-04T20:02:00-07:00,81
1783220580,2026-07-04T20:03:00-07:00,81
1783220640,2026-07-04T20:04:00-07:00,81
1783220700,2026-07-04T20:05:00-07:00,81
1783220760,2026-07-04T20:06:00-07:00,81
1783220820,2026-07-04T20:07:00-07:00,81
1783220880,2026-07-04T20:08:00-07:00,81
1783220940,2026-07-04T20:09:00-07:00,81
1783221000,2026-07-04T20:10:00-07:00,81
1783221060,2026-07-04T20:11:00-07:00,81
1783221120,2026-07-04T20:12:00-07:00,81
1783221180,2026-07-04T20:13:00-07:00,81
1783221240,2026-07-04T20:14:00-07:00,81
1783221900,2026-07-04T20:25:00-07:00,81
1783221960,2026-07-04T20:26:00-07:00,81
1783222020,2026-07-04T20:27:00-07:00,81
1783222080,2026-07-04T20:28:00-07:00,81
1783222140,2026-07-04T20:29:00-07:00,81
1783222200,2026-07-04T20:30:00-07:00,81
1783222260,2026-07-04T20:31:00-07:00,81
1783222320,2026-07-04T20:32:00-07:00,81
1783222380,2026-07-04T20:33:00-07:00,81
1783222440,2026-07-04T20:34:00-07:00,81
1783222500,2026-07-04T20:35:00-07:00,81
1783222560,2026-07-04T20:36:00-07:00,81
1783223880,2026-07-04T20:58:00-07:00,81
1783223940,2026-07-04T20:59:00-07:00,81
1783224000,2026-07-04T21:00:00-07:00,81
1783224060,2026-07-04T21:01:00-07:00,81
1783224120,2026-07-04T21:02:00-07:00,81
1783224180,2026-07-04T21:03:00-07:00,81
1783224720,2026-07-04T21:12:00-07:00,81
1783224780,2026-07-04T21:13:00-07:00,81
1783224840,2026-07-04T21:14:00-07:00,81
1783224900,2026-07-04T21:15:00-07:00,81
1783224960,2026-07-04T21:16:00-07:00,81
1783225020,2026-07-04T21:17:00-07:00,81
1783225080,2026-07-04T21:18:00-07:00,81
1783225140,2026-07-04T21:19:00-07:00,81
1783225200,2026-07-04T21:20:00-07:00,81
1783225260,2026-07-04T21:21:00-07:00,81
1783225320,2026-07-04T21:22:00-07:00,81
1783225380,2026-07-04T21:23:00-07:00,81
1783225440,2026-07-04T21:24:00-07:00,81
1783225500,2026-07-04T21:25:00-07:00,81
1783225560,2026-07-04T21:26:00-07:00,81
1783225620,2026-07-04T21:27:00-07:00,81
1783225680,2026-07-04T21:28:00-07:00,81
1783225740,2026-07-04T21:29:00-07:00,81
1783225800,2026-07-04T21:30:00-07:00,81
1783225860,2026-07-04T21:31:00-07:00,81
1783225920,2026-07-04T21:32:00-07:00,81
1783225980,2026-07-04T21:33:00-07:00,81
1783226040,2026-07-04T21:34:00-07:00,81
1783226100,2026-07-04T21:35:00-07:00,81
1783226160,2026-07-04T21:36:00-07:00,81
1783226220,2026-07-04T21:37:00-07:00,81
1783226280,2026-07-04T21:38:00-07:00,81
1783226340,2026-07-04T21:39:00-07:00,81
1783226400,2026-07-04T21:40:00-07:00,81
1783226460,2026-07-04T21:41:00-07:00,81
1783226520,2026-07-04T21:42:00-07:00,81
1783226580,2026-07-04T21:43:00-07:00,81
1783226640,2026-07-04T21:44:00-07:00,81
1783226700,2026-07-04T21:45:00-07:00,81
1783226760,2026-07-04T21:46:00-07:00,81
1783226820,2026-07-04T21:47:00-07:00,81
1783226880,2026-07-04T21:48:00-07:00,81
1783226940,2026-07-04T21:49:00-07:00,81
1783227000,2026-07-04T21:50:00-07:00,81
1783227060,2026-07-04T21:51:00-07:00,81
1783227180,2026-07-04T21:53:00-07:00,81
1783227240,2026-07-04T21:54:00-07:00,81
1783227300,2026-07-04T21:55:00-07:00,81
1783227360,2026-07-04T21:56:00-07:00,81
1783227420,2026-07-04T21:57:00-07:00,81
1783227480,2026-07-04T21:58:00-07:00,81
1783227540,2026-07-04T21:59:00-07:00,81
1783227600,2026-07-04T22:00:00-07:00,81
1783227660,2026-07-04T22:01:00-07:00,81
1783227720,2026-07-04T22:02:00-07:00,81
1783227780,2026-07-04T22:03:00-07:00,81
1783227840,2026-07-04T22:04:00-07:00,81
1783227900,2026-07-04T22:05:00-07:00,81
1783227960,2026-07-04T22:06:00-07:00,81
1783228020,2026-07-04T22:07:00-07:00,81
1783228080,2026-07-04T22:08:00-07:00,81
1783228380,2026-07-04T22:13:00-07:00,81
1783228440,2026-07-04T22:14:00-07:00,81
1783228500,2026-07-04T22:15:00-07:00,81
1783228560,2026-07-04T22:16:00-07:00,81
1783228620,2026-07-04T22:17:00-07:00,81
1783228680,2026-07-04T22:18:00-07:00,81
1783228740,2026-07-04T22:19:00-07:00,81
1783228800,2026-07-04T22:20:00-07:00,81
1783228860,2026-07-04T22:21:00-07:00,81
1783228920,2026-07-04T22:22:00-07:00,81
1783228980,2026-07-04T22:23:00-07:00,81
1783229040,2026-07-04T22:24:00-07:00,81
1783229100,2026-07-04T22:25:00-07:00,81
1783229160,2026-07-04T22:26:00-07:00,81
1783229220,2026-07-04T22:27:00-07:00,81
1783229280,2026-07-04T22:28:00-07:00,81
1783229340,2026-07-04T22:29:00-07:00,81
1783229400,2026-07-04T22:30:00-07:00,81
1783229460,2026-07-04T22:31:00-07:00,81
1783229520,2026-07-04T22:32:00-07:00,81
1783229580,2026-07-04T22:33:00-07:00,81
1783229640,2026-07-04T22:34:00-07:00,81
1783229700,2026-07-04T22:35:00-07:00,81
1783229760,2026-07-04T22:36:00-07:00,81
1783229820,2026-07-04T22:37:00-07:00,81
1783229880,2026-07-04T22:38:00-07:00,81
1783229940,2026-07-04T22:39:00-07:00,81
1783230000,2026-07-04T22:40:00-07:00,81
1783230060,2026-07-04T22:41:00-07:00,81
1783230120,2026-07-04T22:42:00-07:00,81
1783230180,2026-07-04T22:43:00-07:00,81
1783230240,2026-07-04T22:44:00-07:00,82
1783230300,2026-07-04T22:45:00-07:00,82
1783230360,2026-07-04T22:46:00-07:00,82
1783230420,2026-07-04T22:47:00-07:00,82
1783230480,2026-07-04T22:48:00-07:00,82
1783231080,2026-07-04T22:58:00-07:00,81
1783231140,2026-07-04T22:59:00-07:00,81
1783231200,2026-07-04T23:00:00-07:00,81
1783231260,2026-07-04T23:01:00-07:00,81
1783231320,2026-07-04T23:02:00-07:00,81
1783231380,2026-07-04T23:03:00-07:00,81
1783231440,2026-07-04T23:04:00-07:00,81
1783232160,2026-07-04T23:16:00-07:00,81
1783232220,2026-07-04T23:17:00-07:00,81
1783232280,2026-07-04T23:18:00-07:00,81
1783232340,2026-07-04T23:19:00-07:00,81
1783232400,2026-07-04T23:20:00-07:00,81
1783232460,2026-07-04T23:21:00-07:00,81
1783232520,2026-07-04T23:22:00-07:00,81
1783232580,2026-07-04T23:23:00-07:00,81
1783232640,2026-07-04T23:24:00-07:00,81
1783232700,2026-07-04T23:25:00-07:00,81
1783232760,2026-07-04T23:26:00-07:00,81
1783232820,2026-07-04T23:27:00-07:00,81
1783232880,2026-07-04T23:28:00-07:00,81
1783232940,2026-07-04T23:29:00-07:00,81
1783233000,2026-07-04T23:30:00-07:00,81
1783233060,2026-07-04T23:31:00-07:00,81
1783233120,2026-07-04T23:32:00-07:00,81
1783233180,2026-07-04T23:33:00-07:00,81
1783233240,2026-07-04T23:34:00-07:00,81
1783233300,2026-07-04T23:35:00-07:00,81
1783233360,2026-07-04T23:36:00-07:00,81
1783233420,2026-07-04T23:37:00-07:00,81
1783233480,2026-07-04T23:38:00-07:00,81
1783233540,2026-07-04T23:39:00-07:00,81
1783233600,2026-07-04T23:40:00-07:00,81
1783233660,2026-07-04T23:41:00-07:00,81
1783233720,2026-07-04T23:42:00-07:00,81
1783233780,2026-07-04T23:43:00-07:00,81
1783233840,2026-07-04T23:44:00-07:00,81
1783233900,2026-07-04T23:45:00-07:00,81
1783233960,2026-07-04T23:46:00-07:00,81
1783234020,2026-07-04T23:47:00-07:00,81
1783234080,2026-07-04T23:48:00-07:00,81
1783234140,2026-07-04T23:49:00-07:00,81
1783234200,2026-07-04T23:50:00-07:00,81
1783234260,2026-07-04T23:51:00-07:00,81
1783234320,2026-07-04T23:52:00-07:00,81
1783234380,2026-07-04T23:53:00-07:00,81
1783234440,2026-07-04T23:54:00-07:00,81
1783234500,2026-07-04T23:55:00-07:00,81
1783234560,2026-07-04T23:56:00-07:00,81
1783234620,2026-07-04T23:57:00-07:00,81
1783234680,2026-07-04T23:58:00-07:00,81
1783234740,2026-07-04T23:59:00-07:00,81
1783234800,2026-07-05T00:00:00-07:00,81
1783234860,2026-07-05T00:01:00-07:00,81
1783234920,2026-07-05T00:02:00-07:00,81
1783234980,2026-07-05T00:03:00-07:00,81
1783235040,2026-07-05T00:04:00-07:00,81
1783235280,2026-07-05T00:08:00-07:00,81
1783235340,2026-07-05T00:09:00-07:00,81
1783235400,2026-07-05T00:10:00-07:00,81
1783235460,2026-07-05T00:11:00-07:00,81
1783235520,2026-07-05T00:12:00-07:00,81
1783235640,2026-07-05T00:14:00-07:00,81
1783235700,2026-07-05T00:15:00-07:00,81
1783235760,2026-07-05T00:16:00-07:00,81
1783235820,2026-07-05T00:17:00-07:00,81
1783235880,2026-07-05T00:18:00-07:00,81
1783235940,2026-07-05T00:19:00-07:00,81
1783236000,2026-07-05T00:20:00-07:00,81
1783236060,2026-07-05T00:21:00-07:00,81
1783236120,2026-07-05T00:22:00-07:00,81
1783236180,2026-07-05T00:23:00-07:00,81
1783236240,2026-07-05T00:24:00-07:00,81
1783236300,2026-07-05T00:25:00-07:00,81
1783236360,2026-07-05T00:26:00-07:00,81
1783236420,2026-07-05T00:27:00-07:00,81
1783236480,2026-07-05T00:28:00-07:00,81
1783236540,2026-07-05T00:29:00-07:00,81
1783236600,2026-07-05T00:30:00-07:00,81
1783236660,2026-07-05T00:31:00-07:00,81
1783236720,2026-07-05T00:32:00-07:00,81
1783236780,2026-07-05T00:33:00-07:00,81
1783237680,2026-07-05T00:48:00-07:00,81
1783237740,2026-07-05T00:49:00-07:00,81
1783237800,2026-07-05T00:50:00-07:00,81
1783237860,2026-07-05T00:51:00-07:00,81
1783237920,2026-07-05T00:52:00-07:00,81
1783237980,2026-07-05T00:53:00-07:00,81
1783238040,2026-07-05T00:54:00-07:00,81
1783238100,2026-07-05T00:55:00-07:00,81
1783238160,2026-07-05T00:56:00-07:00,81
1783238220,2026-07-05T00:57:00-07:00,81
1783238280,2026-07-05T00:58:00-07:00,81
1783240200,2026-07-05T01:30:00-07:00,81
1783240260,2026-07-05T01:31:00-07:00,81
1783240320,2026-07-05T01:32:00-07:00,81
1783240380,2026-07-05T01:33:00-07:00,81
1783240440,2026-07-05T01:34:00-07:00,81
1783240500,2026-07-05T01:35:00-07:00,81
1783240560,2026-07-05T01:36:00-07:00,81
1783240620,2026-07-05T01:37:00-07:00,81
1783240680,2026-07-05T01:38:00-07:00,81
1783240740,2026-07-05T01:39:00-07:00,81
1783240800,2026-07-05T01:40:00-07:00,81
1783240860,2026-07-05T01:41:00-07:00,81
1783240920,2026-07-05T01:42:00-07:00,81
1783241220,2026-07-05T01:47:00-07:00,81
1783241280,2026-07-05T01:48:00-07:00,81
1783241340,2026-07-05T01:49:00-07:00,81
1783241400,2026-07-05T01:50:00-07:00,81
1783241460,2026-07-05T01:51:00-07:00,81
1783242780,2026-07-05T02:13:00-07:00,81
1783242840,2026-07-05T02:14:00-07:00,81
1783242900,2026-07-05T02:15:00-07:00,81
1783242960,2026-07-05T02:16:00-07:00,81
1783243020,2026-07-05T02:17:00-07:00,81
1783243080,2026-07-05T02:18:00-07:00,81
1783243140,2026-07-05T02:19:00-07:00,81
1783243200,2026-07-05T02:20:00-07:00,81
1783243260,2026-07-05T02:21:00-07:00,81
1783243320,2026-07-05T02:22:00-07:00,82
1783243380,2026-07-05T02:23:00-07:00,82
1783243440,2026-07-05T02:24:00-07:00,81
1783243500,2026-07-05T02:25:00-07:00,81
1783243560,2026-07-05T02:26:00-07:00,81
1783243620,2026-07-05T02:27:00-07:00,81
1783243680,2026-07-05T02:28:00-07:00,81
1783243740,2026-07-05T02:29:00-07:00,81
1783243800,2026-07-05T02:30:00-07:00,81
1783243860,2026-07-05T02:31:00-07:00,81
1783243920,2026-07-05T02:32:00-07:00,81
1783243980,2026-07-05T02:33:00-07:00,81
1783244040,2026-07-05T02:34:00-07:00,81
1783244100,2026-07-05T02:35:00-07:00,81
1783244160,2026-07-05T02:36:00-07:00,81
1783244220,2026-07-05T02:37:00-07:00,81
1783244280,2026-07-05T02:38:00-07:00,81
1783244640,2026-07-05T02:44:00-07:00,81
1783244700,2026-07-05T02:45:00-07:00,81
1783244760,2026-07-05T02:46:00-07:00,81
1783244820,2026-07-05T02:47:00-07:00,81
1783244880,2026-07-05T02:48:00-07:00,81
1783244940,2026-07-05T02:49:00-07:00,81
1783245000,2026-07-05T02:50:00-07:00,81
1783245060,2026-07-05T02:51:00-07:00,81
1783245120,2026-07-05T02:52:00-07:00,81
1783245180,2026-07-05T02:53:00-07:00,81
1783245240,2026-07-05T02:54:00-07:00,81
1783245300,2026-07-05T02:55:00-07:00,81
1783245360,2026-07-05T02:56:00-07:00,81
1783245420,2026-07-05T02:57:00-07:00,81
1783245480,2026-07-05T02:58:00-07:00,81
1783245540,2026-07-05T02:59:00-07:00,81
1783245600,2026-07-05T03:00:00-07:00,81
1783245660,2026-07-05T03:01:00-07:00,81
1783245720,2026-07-05T03:02:00-07:00,81
1783245780,2026-07-05T03:03:00-07:00,81
1783245840,2026-07-05T03:04:00-07:00,81
1783245900,2026-07-05T03:05:00-07:00,81
1783245960,2026-07-05T03:06:00-07:00,81
1783246020,2026-07-05T03:07:00-07:00,81
1783246080,2026-07-05T03:08:00-07:00,81
1783246140,2026-07-05T03:09:00-07:00,81
1783246200,2026-07-05T03:10:00-07:00,81
1783246260,2026-07-05T03:11:00-07:00,81
1783246320,2026-07-05T03:12:00-07:00,81
1783246380,2026-07-05T03:13:00-07:00,81
1783246440,2026-07-05T03:14:00-07:00,81
1783246800,2026-07-05T03:20:00-07:00,81
1783246860,2026-07-05T03:21:00-07:00,81
1783246920,2026-07-05T03:22:00-07:00,81
1783246980,2026-07-05T03:23:00-07:00,81
1783247040,2026-07-05T03:24:00-07:00,81
1783247100,2026-07-05T03:25:00-07:00,81
1783247160,2026-07-05T03:26:00-07:00,81
1783247220,2026-07-05T03:27:00-07:00,81
1783247280,2026-07-05T03:28:00-07:00,81
1783247340,2026-07-05T03:29:00-07:00,81
1783247400,2026-07-05T03:30:00-07:00,81
1783247460,2026-07-05T03:31:00-07:00,81
1783247520,2026-07-05T03:32:00-07:00,81
1783247580,2026-07-05T03:33:00-07:00,81
1783247640,2026-07-05T03:34:00-07:00,81
1783247700,2026-07-05T03:35:00-07:00,81
1783247760,2026-07-05T03:36:00-07:00,81
1783247820,2026-07-05T03:37:00-07:00,81
1783247880,2026-07-05T03:38:00-07:00,81
1783247940,2026-07-05T03:39:00-07:00,81
1783248000,2026-07-05T03:40:00-07:00,81
1783248060,2026-07-05T03:41:00-07:00,81
1783248120,2026-07-05T03:42:00-07:00,81
1783248180,2026-07-05T03:43:00-07:00,81
1783248240,2026-07-05T03:44:00-07:00,81
1783248300,2026-07-05T03:45:00-07:00,81
1783248360,2026-07-05T03:46:00-07:00,81
1783248420,2026-07-05T03:47:00-07:00,81
1783248480,2026-07-05T03:48:00-07:00,81
1783248540,2026-07-05T03:49:00-07:00,81
1783248600,2026-07-05T03:50:00-07:00,81
1783248660,2026-07-05T03:51:00-07:00,81
1783248720,2026-07-05T03:52:00-07:00,81
1783248780,2026-07-05T03:53:00-07:00,81
1783248840,2026-07-05T03:54:00-07:00,81
1783248900,2026-07-05T03:55:00-07:00,81
1783248960,2026-07-05T03:56:00-07:00,81
1783249080,2026-07-05T03:58:00-07:00,81
1783249140,2026-07-05T03:59:00-07:00,81
1783249200,2026-07-05T04:00:00-07:00,81
1783249260,2026-07-05T04:01:00-07:00,81
1783249320,2026-07-05T04:02:00-07:00,81
1783249380,2026-07-05T04:03:00-07:00,81
1783251180,2026-07-05T04:33:00-07:00,81
1783251240,2026-07-05T04:34:00-07:00,81
1783251300,2026-07-05T04:35:00-07:00,81
1783251360,2026-07-05T04:36:00-07:00,81
1783251420,2026-07-05T04:37:00-07:00,81
1783251900,2026-07-05T04:45:00-07:00,81
1783251960,2026-07-05T04:46:00-07:00,81
1783252020,2026-07-05T04:47:00-07:00,81
1783252080,2026-07-05T04:48:00-07:00,81
1783252140,2026-07-05T04:49:00-07:00,81
1783252860,2026-07-05T05:01:00-07:00,81
1783252920,2026-07-05T05:02:00-07:00,81
1783252980,2026-07-05T05:03:00-07:00,81
1783253040,2026-07-05T05:04:00-07:00,81
1783253100,2026-07-05T05:05:00-07:00,81
1783253760,2026-07-05T05:16:00-07:00,81
1783253820,2026-07-05T05:17:00-07:00,81
1783253880,2026-07-05T05:18:00-07:00,81
1783253940,2026-07-05T05:19:00-07:00,81
1783254000,2026-07-05T05:20:00-07:00,81
1783254060,2026-07-05T05:21:00-07:00,81
1783254300,2026-07-05T05:25:00-07:00,81
1783254360,2026-07-05T05:26:00-07:00,81
1783254420,2026-07-05T05:27:00-07:00,81
1783254480,2026-07-05T05:28:00-07:00,81
1783254540,2026-07-05T05:29:00-07:00,81
1783256460,2026-07-05T06:01:00-07:00,81
1783256520,2026-07-05T06:02:00-07:00,81
1783256580,2026-07-05T06:03:00-07:00,81
1783256640,2026-07-05T06:04:00-07:00,81
1783256700,2026-07-05T06:05:00-07:00,81
1783256760,2026-07-05T06:06:00-07:00,81
1783256820,2026-07-05T06:07:00-07:00,81
1783258140,2026-07-05T06:29:00-07:00,81
1783258200,2026-07-05T06:30:00-07:00,81
1783258260,2026-07-05T06:31:00-07:00,81
1783258320,2026-07-05T06:32:00-07:00,81
1783258380,2026-07-05T06:33:00-07:00,81
1783258440,2026-07-05T06:34:00-07:00,81
1783258500,2026-07-05T06:35:00-07:00,81
1783258560,2026-07-05T06:36:00-07:00,81
1783258620,2026-07-05T06:37:00-07:00,81
1783258680,2026-07-05T06:38:00-07:00,81
1783258740,2026-07-05T06:39:00-07:00,81
1783258800,2026-07-05T06:40:00-07:00,81
1783258860,2026-07-05T06:41:00-07:00,81
1783258920,2026-07-05T06:42:00-07:00,81
1783258980,2026-07-05T06:43:00-07:00,81
1783259040,2026-07-05T06:44:00-07:00,81
1783259100,2026-07-05T06:45:00-07:00,81
1783259160,2026-07-05T06:46:00-07:00,81
1783259220,2026-07-05T06:47:00-07:00,81
1783259280,2026-07-05T06:48:00-07:00,81
1783260480,2026-07-05T07:08:00-07:00,81
1783260540,2026-07-05T07:09:00-07:00,81
1783260600,2026-07-05T07:10:00-07:00,81
1783260660,2026-07-05T07:11:00-07:00,81
1783260720,2026-07-05T07:12:00-07:00,81
1783260780,2026-07-05T07:13:00-07:00,81
1783261200,2026-07-05T07:20:00-07:00,81
1783261260,2026-07-05T07:21:00-07:00,81
1783261320,2026-07-05T07:22:00-07:00,81
1783261380,2026-07-05T07:23:00-07:00,81
1783261440,2026-07-05T07:24:00-07:00,81
1783261500,2026-07-05T07:25:00-07:00,81
1783261560,2026-07-05T07:26:00-07:00,81
1783261620,2026-07-05T07:27:00-07:00,81
1783262820,2026-07-05T07:47:00-07:00,81
1783262880,2026-07-05T07:48:00-07:00,81
1783262940,2026-07-05T07:49:00-07:00,81
1783263000,2026-07-05T07:50:00-07:00,81
1783263060,2026-07-05T07:51:00-07:00,81
1783263720,2026-07-05T08:02:00-07:00,81
1783263780,2026-07-05T08:03:00-07:00,81
1783263840,2026-07-05T08:04:00-07:00,81
1783263900,2026-07-05T08:05:00-07:00,81
1783263960,2026-07-05T08:06:00-07:00,81
1783266840,2026-07-05T08:54:00-07:00,81
1783266900,2026-07-05T08:55:00-07:00,81
1783266960,2026-07-05T08:56:00-07:00,81
1783267020,2026-07-05T08:57:00-07:00,81
1783267080,2026-07-05T08:58:00-07:00,81
1783267440,2026-07-05T09:04:00-07:00,81
1783267500,2026-07-05T09:05:00-07:00,81
1783267560,2026-07-05T09:06:00-07:00,81
1783267620,2026-07-05T09:07:00-07:00,81
1783267680,2026-07-05T09:08:00-07:00,81
1783268640,2026-07-05T09:24:00-07:00,81
1783268700,2026-07-05T09:25:00-07:00,81
1783268760,2026-07-05T09:26:00-07:00,81
1783268820,2026-07-05T09:27:00-07:00,81
1783268880,2026-07-05T09:28:00-07:00,81
1783268940,2026-07-05T09:29:00-07:00,81
1783269000,2026-07-05T09:30:00-07:00,81
1783269420,2026-07-05T09:37:00-07:00,81
1783269480,2026-07-05T09:38:00-07:00,81
1783269540,2026-07-05T09:39:00-07:00,81
1783269600,2026-07-05T09:40:00-07:00,81
1783269660,2026-07-05T09:41:00-07:00,81
1783269720,2026-07-05T09:42:00-07:00,81
1783270500,2026-07-05T09:55:00-07:00,81
1783270560,2026-07-05T09:56:00-07:00,81
1783270620,2026-07-05T09:57:00-07:00,81
1783270680,2026-07-05T09:58:00-07:00,81
1783270740,2026-07-05T09:59:00-07:00,81
1783270800,2026-07-05T10:00:00-07:00,81
1783270860,2026-07-05T10:01:00-07:00,81
1783270920,2026-07-05T10:02:00-07:00,81
1783270980,2026-07-05T10:03:00-07:00,81
1783271040,2026-07-05T10:04:00-07:00,81
1783271100,2026-07-05T10:05:00-07:00,81
1783271400,2026-07-05T10:10:00-07:00,82
1783271460,2026-07-05T10:11:00-07:00,82
1783271520,2026-07-05T10:12:00-07:00,82
1783271580,2026-07-05T10:13:00-07:00,82
1783271640,2026-07-05T10:14:00-07:00,82
1783271700,2026-07-05T10:15:00-07:00,82
1783271760,2026-07-05T10:16:00-07:00,82
1783271820,2026-07-05T10:17:00-07:00,82
1783271880,2026-07-05T10:18:00-07:00,82
1783271940,2026-07-05T10:19:00-07:00,82
1783272060,2026-07-05T10:21:00-07:00,81
1783272120,2026-07-05T10:22:00-07:00,81
1783272180,2026-07-05T10:23:00-07:00,81
1783272240,2026-07-05T10:24:00-07:00,81
1783272300,2026-07-05T10:25:00-07:00,81
1783272360,2026-07-05T10:26:00-07:00,81
1783272420,2026-07-05T10:27:00-07:00,81
1783272480,2026-07-05T10:28:00-07:00,81
1783274100,2026-07-05T10:55:00-07:00,81
1783274160,2026-07-05T10:56:00-07:00,81
1783274220,2026-07-05T10:57:00-07:00,81
1783274280,2026-07-05T10:58:00-07:00,81
1783274340,2026-07-05T10:59:00-07:00,81
1783274460,2026-07-05T11:01:00-07:00,81
1783274520,2026-07-05T11:02:00-07:00,81
1783274580,2026-07-05T11:03:00-07:00,81
1783274640,2026-07-05T11:04:00-07:00,81
1783274700,2026-07-05T11:05:00-07:00,81
1783274760,2026-07-05T11:06:00-07:00,81
1783274820,2026-07-05T11:07:00-07:00,81
1783274880,2026-07-05T11:08:00-07:00,81
1783275720,2026-07-05T11:22:00-07:00,81
1783275780,2026-07-05T11:23:00-07:00,81
1783275840,2026-07-05T11:24:00-07:00,81
1783275900,2026-07-05T11:25:00-07:00,81
1783275960,2026-07-05T11:26:00-07:00,81
1783276560,2026-07-05T11:36:00-07:00,81
1783276620,2026-07-05T11:37:00-07:00,81
1783276680,2026-07-05T11:38:00-07:00,81
1783276740,2026-07-05T11:39:00-07:00,81
1783276800,2026-07-05T11:40:00-07:00,81
1783276860,2026-07-05T11:41:00-07:00,81
1783276920,2026-07-05T11:42:00-07:00,81
1783276980,2026-07-05T11:43:00-07:00,81
1783277040,2026-07-05T11:44:00-07:00,81
1783277760,2026-07-05T11:56:00-07:00,81
1783277820,2026-07-05T11:57:00-07:00,81
1783277880,2026-07-05T11:58:00-07:00,81
1783277940,2026-07-05T11:59:00-07:00,81
1783278000,2026-07-05T12:00:00-07:00,81
1783278060,2026-07-05T12:01:00-07:00,82
1783278120,2026-07-05T12:02:00-07:00,81
1783278180,2026-07-05T12:03:00-07:00,81
1783278240,2026-07-05T12:04:00-07:00,81
1783278300,2026-07-05T12:05:00-07:00,81
1783278360,2026-07-05T12:06:00-07:00,81
1783278420,2026-07-05T12:07:00-07:00,81
1783278480,2026-07-05T12:08:00-07:00,81
1783278540,2026-07-05T12:09:00-07:00,81
1783278600,2026-07-05T12:10:00-07:00,81
1783278660,2026-07-05T12:11:00-07:00,81
1783279200,2026-07-05T12:20:00-07:00,82
1783279260,2026-07-05T12:21:00-07:00,82
1783279320,2026-07-05T12:22:00-07:00,82
1783279380,2026-07-05T12:23:00-07:00,82
1783279440,2026-07-05T12:24:00-07:00,82
1783279500,2026-07-05T12:25:00-07:00,82
1783279560,2026-07-05T12:26:00-07:00,800
1783279620,2026-07-05T12:27:00-07:00,800
1783279680,2026-07-05T12:28:00-07:00,800
1783279740,2026-07-05T12:29:00-07:00,800
1783279800,2026-07-05T12:30:00-07:00,799
1783279860,2026-07-05T12:31:00-07:00,799
1783279920,2026-07-05T12:32:00-07:00,799
1783279980,2026-07-05T12:33:00-07:00,799
1783280040,2026-07-05T12:34:00-07:00,799
1783280100,2026-07-05T12:35:00-07:00,799
1783280400,2026-07-05T12:40:00-07:00,255
1783280460,2026-07-05T12:41:00-07:00,255
1783280520,2026-07-05T12:42:00-07:00,255
1783280580,2026-07-05T12:43:00-07:00,255
1783280640,2026-07-05T12:44:00-07:00,255
1783280700,2026-07-05T12:45:00-07:00,255
1783281300,2026-07-05T12:55:00-07:00,241
1783281360,2026-07-05T12:56:00-07:00,241
1783281420,2026-07-05T12:57:00-07:00,241
1783281480,2026-07-05T12:58:00-07:00,241
1783281540,2026-07-05T12:59:00-07:00,241
1783281600,2026-07-05T13:00:00-07:00,241
1783281660,2026-07-05T13:01:00-07:00,241
1783281720,2026-07-05T13:02:00-07:00,240
1783281780,2026-07-05T13:03:00-07:00,240
1783281840,2026-07-05T13:04:00-07:00,240
1783281900,2026-07-05T13:05:00-07:00,240
1783281960,2026-07-05T13:06:00-07:00,240
1783282020,2026-07-05T13:07:00-07:00,240
1783282080,2026-07-05T13:08:00-07:00,332
1783282140,2026-07-05T13:09:00-07:00,331
1783282200,2026-07-05T13:10:00-07:00,331
1783282260,2026-07-05T13:11:00-07:00,331
1783282320,2026-07-05T13:12:00-07:00,331
1783282380,2026-07-05T13:13:00-07:00,331
1783283100,2026-07-05T13:25:00-07:00,547
1783283160,2026-07-05T13:26:00-07:00,547
1783283220,2026-07-05T13:27:00-07:00,547
1783283280,2026-07-05T13:28:00-07:00,547
1783283340,2026-07-05T13:29:00-07:00,136
1783283400,2026-07-05T13:30:00-07:00,114
1783283460,2026-07-05T13:31:00-07:00,114
1783283520,2026-07-05T13:32:00-07:00,114
1783283580,2026-07-05T13:33:00-07:00,136
1783283640,2026-07-05T13:34:00-07:00,136
1783283700,2026-07-05T13:35:00-07:00,114
1783283760,2026-07-05T13:36:00-07:00,114
1783283820,2026-07-05T13:37:00-07:00,114
1783283880,2026-07-05T13:38:00-07:00,114
1783283940,2026-07-05T13:39:00-07:00,114
1783284000,2026-07-05T13:40:00-07:00,114
1783284060,2026-07-05T13:41:00-07:00,136
1783284120,2026-07-05T13:42:00-07:00,114
1783284180,2026-07-05T13:43:00-07:00,115
1783284240,2026-07-05T13:44:00-07:00,115
1783284300,2026-07-05T13:45:00-07:00,192
1783284360,2026-07-05T13:46:00-07:00,192
1783284420,2026-07-05T13:47:00-07:00,192
1783284480,2026-07-05T13:48:00-07:00,192
1783284540,2026-07-05T13:49:00-07:00,868
1783284600,2026-07-05T13:50:00-07:00,868
1783284660,2026-07-05T13:51:00-07:00,868
1783284720,2026-07-05T13:52:00-07:00,868
1783284780,2026-07-05T13:53:00-07:00,868
1783284840,2026-07-05T13:54:00-07:00,868
1783284900,2026-07-05T13:55:00-07:00,85
1783284960,2026-07-05T13:56:00-07:00,85
1783285020,2026-07-05T13:57:00-07:00,85
1783285080,2026-07-05T13:58:00-07:00,85
1783285140,2026-07-05T13:59:00-07:00,38
1783285200,2026-07-05T14:00:00-07:00,351
1783285260,2026-07-05T14:01:00-07:00,352
1783285320,2026-07-05T14:02:00-07:00,352
1783285380,2026-07-05T14:03:00-07:00,269
1783285440,2026-07-05T14:04:00-07:00,267
1783285500,2026-07-05T14:05:00-07:00,317
1783285560,2026-07-05T14:06:00-07:00,316
1783285620,2026-07-05T14:07:00-07:00,316
1783285680,2026-07-05T14:08:00-07:00,316
1783285740,2026-07-05T14:09:00-07:00,316
1783285800,2026-07-05T14:10:00-07:00,250
1783285860,2026-07-05T14:11:00-07:00,250
1783285920,2026-07-05T14:12:00-07:00,250
1783285980,2026-07-05T14:13:00-07:00,250
1783286040,2026-07-05T14:14:00-07:00,390
1783286100,2026-07-05T14:15:00-07:00,390
1783286160,2026-07-05T14:16:00-07:00,390
1783286220,2026-07-05T14:17:00-07:00,390
1783286280,2026-07-05T14:18:00-07:00,390
1783286340,2026-07-05T14:19:00-07:00,390
1783286400,2026-07-05T14:20:00-07:00,390
1783286520,2026-07-05T14:22:00-07:00,566
1783286580,2026-07-05T14:23:00-07:00,142
1783286640,2026-07-05T14:24:00-07:00,143
1783286700,2026-07-05T14:25:00-07:00,143
1783286760,2026-07-05T14:26:00-07:00,143
1783286820,2026-07-05T14:27:00-07:00,143
1783286880,2026-07-05T14:28:00-07:00,143
1783286940,2026-07-05T14:29:00-07:00,143
1783287000,2026-07-05T14:30:00-07:00,143
1783287060,2026-07-05T14:31:00-07:00,143
1783290540,2026-07-05T15:29:00-07:00,390
1783290600,2026-07-05T15:30:00-07:00,390
1783290660,2026-07-05T15:31:00-07:00,390
1783290720,2026-07-05T15:32:00-07:00,390
1783290780,2026-07-05T15:33:00-07:00,390
1783290840,2026-07-05T15:34:00-07:00,390
1783297080,2026-07-05T17:18:00-07:00,143
1783297140,2026-07-05T17:19:00-07:00,143
1783297200,2026-07-05T17:20:00-07:00,143
1783297260,2026-07-05T17:21:00-07:00,143
1783297320,2026-07-05T17:22:00-07:00,143
1783297620,2026-07-05T17:27:00-07:00,282
1783297680,2026-07-05T17:28:00-07:00,282
1783297740,2026-07-05T17:29:00-07:00,282
1783297800,2026-07-05T17:30:00-07:00,282
1783297860,2026-07-05T17:31:00-07:00,282
1783299960,2026-07-05T18:06:00-07:00,143
1783300020,2026-07-05T18:07:00-07:00,143
1783300080,2026-07-05T18:08:00-07:00,143
1783300140,2026-07-05T18:09:00-07:00,143
1783300200,2026-07-05T18:10:00-07:00,143
1783300920,2026-07-05T18:22:00-07:00,143
1783300980,2026-07-05T18:23:00-07:00,143
1783301040,2026-07-05T18:24:00-07:00,143
1783301100,2026-07-05T18:25:00-07:00,143
1783301160,2026-07-05T18:26:00-07:00,143
1783301220,2026-07-05T18:27:00-07:00,282
1783301280,2026-07-05T18:28:00-07:00,282
1783301340,2026-07-05T18:29:00-07:00,282
1783301400,2026-07-05T18:30:00-07:00,282
1783301460,2026-07-05T18:31:00-07:00,282
1783301520,2026-07-05T18:32:00-07:00,143
1783301580,2026-07-05T18:33:00-07:00,143
1783301640,2026-07-05T18:34:00-07:00,143
1783301700,2026-07-05T18:35:00-07:00,143
1783301760,2026-07-05T18:36:00-07:00,143
1783304400,2026-07-05T19:20:00-07:00,282
1783304460,2026-07-05T19:21:00-07:00,282
1783304520,2026-07-05T19:22:00-07:00,282
1783304580,2026-07-05T19:23:00-07:00,282
1783304640,2026-07-05T19:24:00-07:00,282
1783309500,2026-07-05T20:45:00-07:00,282
1783309560,2026-07-05T20:46:00-07:00,282
1783309620,2026-07-05T20:47:00-07:00,282
1783309680,2026-07-05T20:48:00-07:00,282
1783309740,2026-07-05T20:49:00-07:00,282
1783312560,2026-07-05T21:36:00-07:00,492
1783312620,2026-07-05T21:37:00-07:00,492
1783312680,2026-07-05T21:38:00-07:00,492
1783312740,2026-07-05T21:39:00-07:00,492
1783312800,2026-07-05T21:40:00-07:00,492
1783313160,2026-07-05T21:46:00-07:00,143
1783313220,2026-07-05T21:47:00-07:00,143
1783313280,2026-07-05T21:48:00-07:00,143
1783313340,2026-07-05T21:49:00-07:00,143
1783313400,2026-07-05T21:50:00-07:00,143
1783314420,2026-07-05T22:07:00-07:00,492
1783314480,2026-07-05T22:08:00-07:00,492
1783314540,2026-07-05T22:09:00-07:00,492
1783314600,2026-07-05T22:10:00-07:00,492
1783314660,2026-07-05T22:11:00-07:00,492
