timestamp_utc,iso_pdt,carrier=verizon;connection_type=lte_cellular;experiment=none
1782975600,2026-07-02T00:00:00-07:00,1
1782975660,2026-07-02T00:01:00-07:00,1
1782975720,2026-07-02T00:02:00-07:00,1
1782975780,2026-07-02T00:03:00-07:00,1
1782975840,2026-07-02T00:04:00-07:00,1
1782975900,2026-07-02T00:05:00-07:00,1
1782975960,2026-07-02T00:06:00-07:00,1
1782976020,2026-07-02T00:07:00-07:00,1
1782976080,2026-07-02T00:08:00-07:00,1
1782976140,2026-07-02T00:09:00-07:00,1
1782976200,2026-07-02T00:10:00-07:00,1
1782976260,2026-07-02T00:11:00-07:00,1
1782976320,2026-07-02T00:12:00-07:00,1
1782976380,2026-07-02T00:13:00-07:00,1
1782976440,2026-07-02T00:14:00-07:00,1
1782976500,2026-07-02T00:15:00-07:00,1
1782976560,2026-07-02T00:16:00-07:00,1
1782976620,2026-07-02T00:17:00-07:00,1
1782976680,2026-07-02T00:18:00-07:00,1
1782976740,2026-07-02T00:19:00-07:00,1
1782976800,2026-07-02T00:20:00-07:00,1
1782976860,2026-07-02T00:21:00-07:00,1
1782976920,2026-07-02T00:22:00-07:00,1
1782976980,2026-07-02T00:23:00-07:00,1
1782977040,2026-07-02T00:24:00-07:00,1
1782977100,2026-07-02T00:25:00-07:00,1
1782977160,2026-07-02T00:26:00-07:00,1
1782977220,2026-07-02T00:27:00-07:00,1
1782977280,2026-07-02T00:28:00-07:00,1
1782977340,2026-07-02T00:29:00-07:00,1
1782977400,2026-07-02T00:30:00-07:00,1
1782977460,2026-07-02T00:31:00-07:00,1
1782977520,2026-07-02T00:32:00-07:00,1
1782977580,2026-07-02T00:33:00-07:00,1
1782977640,2026-07-02T00:34:00-07:00,1
1782977700,2026-07-02T00:35:00-07:00,1
1782977760,2026-07-02T00:36:00-07:00,1
1782977820,2026-07-02T00:37:00-07:00,1
1782977880,2026-07-02T00:38:00-07:00,1
1782977940,2026-07-02T00:39:00-07:00,1
1782978000,2026-07-02T00:40:00-07:00,1
1782978060,2026-07-02T00:41:00-07:00,1
1782978120,2026-07-02T00:42:00-07:00,1
1782978180,2026-07-02T00:43:00-07:00,1
1782978240,2026-07-02T00:44:00-07:00,1
1782978300,2026-07-02T00:45:00-07:00,1
1782978360,2026-07-02T00:46:00-07:00,1
1782978420,2026-07-02T00:47:00-07:00,1
1782978480,2026-07-02T00:48:00-07:00,1
1782978540,2026-07-02T00:49:00-07:00,1
1782978600,2026-07-02T00:50:00-07:00,1
1782978660,2026-07-02T00:51:00-07:00,1
1782978720,2026-07-02T00:52:00-07:00,1
1782978780,2026-07-02T00:53:00-07:00,1
1782978840,2026-07-02T00:54:00-07:00,1
1782978900,2026-07-02T00:55:00-07:00,1
1782978960,2026-07-02T00:56:00-07:00,1
1782979020,2026-07-02T00:57:00-07:00,1
1782979080,2026-07-02T00:58:00-07:00,1
1782979140,2026-07-02T00:59:00-07:00,1
1782979200,2026-07-02T01:00:00-07:00,1
1782979260,2026-07-02T01:01:00-07:00,1
1782979320,2026-07-02T01:02:00-07:00,1
1782979380,2026-07-02T01:03:00-07:00,1
1782979440,2026-07-02T01:04:00-07:00,1
1782979500,2026-07-02T01:05:00-07:00,1
1782979560,2026-07-02T01:06:00-07:00,1
1782979620,2026-07-02T01:07:00-07:00,1
1782979680,2026-07-02T01:08:00-07:00,1
1782979740,2026-07-02T01:09:00-07:00,1
1782979800,2026-07-02T01:10:00-07:00,1
1782979860,2026-07-02T01:11:00-07:00,1
1782979920,2026-07-02T01:12:00-07:00,1
1782979980,2026-07-02T01:13:00-07:00,1
1782980040,2026-07-02T01:14:00-07:00,1
1782980100,2026-07-02T01:15:00-07:00,1
1782980160,2026-07-02T01:16:00-07:00,1
1782980220,2026-07-02T01:17:00-07:00,1
1782980280,2026-07-02T01:18:00-07:00,1
1782980340,2026-07-02T01:19:00-07:00,1
1782980400,2026-07-02T01:20:00-07:00,1
1782980460,2026-07-02T01:21:00-07:00,1
1782980520,2026-07-02T01:22:00-07:00,1
1782980580,2026-07-02T01:23:00-07:00,1
1782980640,2026-07-02T01:24:00-07:00,1
1782980700,2026-07-02T01:25:00-07:00,1
1782980760,2026-07-02T01:26:00-07:00,1
1782980820,2026-07-02T01:27:00-07:00,1
1782980880,2026-07-02T01:28:00-07:00,1
1782980940,2026-07-02T01:29:00-07:00,1
1782981000,2026-07-02T01:30:00-07:00,1
1782981060,2026-07-02T01:31:00-07:00,1
1782981120,2026-07-02T01:32:00-07:00,1
1782981180,2026-07-02T01:33:00-07:00,1
1782981240,2026-07-02T01:34:00-07:00,1
1782981300,2026-07-02T01:35:00-07:00,1
1782981360,2026-07-02T01:36:00-07:00,1
1782981420,2026-07-02T01:37:00-07:00,1
1782981480,2026-07-02T01:38:00-07:00,1
1782981540,2026-07-02T01:39:00-07:00,1
1782981600,2026-07-02T01:40:00-07:00,1
1782981660,2026-07-02T01:41:00-07:00,1
1782981720,2026-07-02T01:42:00-07:00,1
1782981780,2026-07-02T01:43:00-07:00,1
1782981840,2026-07-02T01:44:00-07:00,1
1782981900,2026-07-02T01:45:00-07:00,1
1782981960,2026-07-02T01:46:00-07:00,1
1782982020,2026-07-02T01:47:00-07:00,1
1782982080,2026-07-02T01:48:00-07:00,1
1782982140,2026-07-02T01:49:00-07:00,1
1782982200,2026-07-02T01:50:00-07:00,1
1782982260,2026-07-02T01:51:00-07:00,1
1782982320,2026-07-02T01:52:00-07:00,1
1782982380,2026-07-02T01:53:00-07:00,1
1782982440,2026-07-02T01:54:00-07:00,1
1782982500,2026-07-02T01:55:00-07:00,1
1782982560,2026-07-02T01:56:00-07:00,1
1782982620,2026-07-02T01:57:00-07:00,1
1782982680,2026-07-02T01:58:00-07:00,1
1782982740,2026-07-02T01:59:00-07:00,1
1782982800,2026-07-02T02:00:00-07:00,1
1782982860,2026-07-02T02:01:00-07:00,1
1782982920,2026-07-02T02:02:00-07:00,1
1782982980,2026-07-02T02:03:00-07:00,1
1782983040,2026-07-02T02:04:00-07:00,1
1782983100,2026-07-02T02:05:00-07:00,1
1782983160,2026-07-02T02:06:00-07:00,1
1782983220,2026-07-02T02:07:00-07:00,1
1782983280,2026-07-02T02:08:00-07:00,1
1782983340,2026-07-02T02:09:00-07:00,1
1782983400,2026-07-02T02:10:00-07:00,1
1782983460,2026-07-02T02:11:00-07:00,1
1782983520,2026-07-02T02:12:00-07:00,1
1782983580,2026-07-02T02:13:00-07:00,1
1782983640,2026-07-02T02:14:00-07:00,1
1782983700,2026-07-02T02:15:00-07:00,1
1782983760,2026-07-02T02:16:00-07:00,1
1782983820,2026-07-02T02:17:00-07:00,1
1782983880,2026-07-02T02:18:00-07:00,1
1782983940,2026-07-02T02:19:00-07:00,1
1782984000,2026-07-02T02:20:00-07:00,1
1782984060,2026-07-02T02:21:00-07:00,1
1782984120,2026-07-02T02:22:00-07:00,1
1782984180,2026-07-02T02:23:00-07:00,1
1782984240,2026-07-02T02:24:00-07:00,1
1782984300,2026-07-02T02:25:00-07:00,1
1782984360,2026-07-02T02:26:00-07:00,1
1782984420,2026-07-02T02:27:00-07:00,1
1782984480,2026-07-02T02:28:00-07:00,1
1782984540,2026-07-02T02:29:00-07:00,1
1782984600,2026-07-02T02:30:00-07:00,1
1782984660,2026-07-02T02:31:00-07:00,1
1782984720,2026-07-02T02:32:00-07:00,1
1782984780,2026-07-02T02:33:00-07:00,1
1782984840,2026-07-02T02:34:00-07:00,1
1782984900,2026-07-02T02:35:00-07:00,1
1782984960,2026-07-02T02:36:00-07:00,1
1782985020,2026-07-02T02:37:00-07:00,1
1782985080,2026-07-02T02:38:00-07:00,1
1782985140,2026-07-02T02:39:00-07:00,1
1782985200,2026-07-02T02:40:00-07:00,1
1782985260,2026-07-02T02:41:00-07:00,1
1782985320,2026-07-02T02:42:00-07:00,1
1782985380,2026-07-02T02:43:00-07:00,1
1782985440,2026-07-02T02:44:00-07:00,1
1782985500,2026-07-02T02:45:00-07:00,1
1782985560,2026-07-02T02:46:00-07:00,1
1782985620,2026-07-02T02:47:00-07:00,1
1782985680,2026-07-02T02:48:00-07:00,1
1782985740,2026-07-02T02:49:00-07:00,1
1782985800,2026-07-02T02:50:00-07:00,1
1782985860,2026-07-02T02:51:00-07:00,1
1782985920,2026-07-02T02:52:00-07:00,1
1782985980,2026-07-02T02:53:00-07:00,1
1782986040,2026-07-02T02:54:00-07:00,1
1782986100,2026-07-02T02:55:00-07:00,1
1782986160,2026-07-02T02:56:00-07:00,1
1782986220,2026-07-02T02:57:00-07:00,1
1782986280,2026-07-02T02:58:00-07:00,1
1782986340,2026-07-02T02:59:00-07:00,1
1782986400,2026-07-02T03:00:00-07:00,1
1782986460,2026-07-02T03:01:00-07:00,1
1782986520,2026-07-02T03:02:00-07:00,1
1782986580,2026-07-02T03:03:00-07:00,1
1782986640,2026-07-02T03:04:00-07:00,1
1782986700,2026-07-02T03:05:00-07:00,1
1782986760,2026-07-02T03:06:00-07:00,1
1782986820,2026-07-02T03:07:00-07:00,1
1782986880,2026-07-02T03:08:00-07:00,1
1782986940,2026-07-02T03:09:00-07:00,1
1782987000,2026-07-02T03:10:00-07:00,1
1782987060,2026-07-02T03:11:00-07:00,1
1782987120,2026-07-02T03:12:00-07:00,1
1782987180,2026-07-02T03:13:00-07:00,1
1782987240,2026-07-02T03:14:00-07:00,1
1782987300,2026-07-02T03:15:00-07:00,1
1782987360,2026-07-02T03:16:00-07:00,1
1782987420,2026-07-02T03:17:00-07:00,1
1782987480,2026-07-02T03:18:00-07:00,1
1782987540,2026-07-02T03:19:00-07:00,1
1782987600,2026-07-02T03:20:00-07:00,1
1782987660,2026-07-02T03:21:00-07:00,1
1782987720,2026-07-02T03:22:00-07:00,1
1782987780,2026-07-02T03:23:00-07:00,1
1782987840,2026-07-02T03:24:00-07:00,1
1782987900,2026-07-02T03:25:00-07:00,1
1782987960,2026-07-02T03:26:00-07:00,1
1782988020,2026-07-02T03:27:00-07:00,1
1782988080,2026-07-02T03:28:00-07:00,1
1782988140,2026-07-02T03:29:00-07:00,1
1782988200,2026-07-02T03:30:00-07:00,1
1782988260,2026-07-02T03:31:00-07:00,1
1782988320,2026-07-02T03:32:00-07:00,1
1782988380,2026-07-02T03:33:00-07:00,1
1782988440,2026-07-02T03:34:00-07:00,1
1782988500,2026-07-02T03:35:00-07:00,1
1782988560,2026-07-02T03:36:00-07:00,1
1782988620,2026-07-02T03:37:00-07:00,1
1782988680,2026-07-02T03:38:00-07:00,1
1782988740,2026-07-02T03:39:00-07:00,1
1782988800,2026-07-02T03:40:00-07:00,1
1782988860,2026-07-02T03:41:00-07:00,1
1782988920,2026-07-02T03:42:00-07:00,1
1782988980,2026-07-02T03:43:00-07:00,1
1782989040,2026-07-02T03:44:00-07:00,1
1782989100,2026-07-02T03:45:00-07:00,1
1782989160,2026-07-02T03:46:00-07:00,1
1782989220,2026-07-02T03:47:00-07:00,1
1782989280,2026-07-02T03:48:00-07:00,1
1782989340,2026-07-02T03:49:00-07:00,1
1782989400,2026-07-02T03:50:00-07:00,1
1782989460,2026-07-02T03:51:00-07:00,1
1782989520,2026-07-02T03:52:00-07:00,1
1782989580,2026-07-02T03:53:00-07:00,1
1782989640,2026-07-02T03:54:00-07:00,1
1782989700,2026-07-02T03:55:00-07:00,1
1782989760,2026-07-02T03:56:00-07:00,1
1782989820,2026-07-02T03:57:00-07:00,1
1782989880,2026-07-02T03:58:00-07:00,1
1782989940,2026-07-02T03:59:00-07:00,1
1782990000,2026-07-02T04:00:00-07:00,1
1782990060,2026-07-02T04:01:00-07:00,1
1782990120,2026-07-02T04:02:00-07:00,1
1782990180,2026-07-02T04:03:00-07:00,1
1782990240,2026-07-02T04:04:00-07:00,1
1782990300,2026-07-02T04:05:00-07:00,1
1782990360,2026-07-02T04:06:00-07:00,1
1782990420,2026-07-02T04:07:00-07:00,1
1782990480,2026-07-02T04:08:00-07:00,1
1782990540,2026-07-02T04:09:00-07:00,1
1782990600,2026-07-02T04:10:00-07:00,1
1782990660,2026-07-02T04:11:00-07:00,1
1782990720,2026-07-02T04:12:00-07:00,1
1782990780,2026-07-02T04:13:00-07:00,1
1782990840,2026-07-02T04:14:00-07:00,1
1782990900,2026-07-02T04:15:00-07:00,1
1782990960,2026-07-02T04:16:00-07:00,1
1782991020,2026-07-02T04:17:00-07:00,1
1782991080,2026-07-02T04:18:00-07:00,1
1782991140,2026-07-02T04:19:00-07:00,1
1782991200,2026-07-02T04:20:00-07:00,1
1782991260,2026-07-02T04:21:00-07:00,1
1782991320,2026-07-02T04:22:00-07:00,1
1782991380,2026-07-02T04:23:00-07:00,1
1782991440,2026-07-02T04:24:00-07:00,1
1782991500,2026-07-02T04:25:00-07:00,1
1782991560,2026-07-02T04:26:00-07:00,1
1782991620,2026-07-02T04:27:00-07:00,1
1782991680,2026-07-02T04:28:00-07:00,1
1782991740,2026-07-02T04:29:00-07:00,1
1782991800,2026-07-02T04:30:00-07:00,1
1782991860,2026-07-02T04:31:00-07:00,1
1782991920,2026-07-02T04:32:00-07:00,1
1782991980,2026-07-02T04:33:00-07:00,1
1782992040,2026-07-02T04:34:00-07:00,1
1782992100,2026-07-02T04:35:00-07:00,1
1782992160,2026-07-02T04:36:00-07:00,1
1782992220,2026-07-02T04:37:00-07:00,1
1782992280,2026-07-02T04:38:00-07:00,1
1782992340,2026-07-02T04:39:00-07:00,1
1782992400,2026-07-02T04:40:00-07:00,1
1782992460,2026-07-02T04:41:00-07:00,1
1782992520,2026-07-02T04:42:00-07:00,1
1782992580,2026-07-02T04:43:00-07:00,1
1782992640,2026-07-02T04:44:00-07:00,1
1782992700,2026-07-02T04:45:00-07:00,1
1782992760,2026-07-02T04:46:00-07:00,1
1782992820,2026-07-02T04:47:00-07:00,1
1782992880,2026-07-02T04:48:00-07:00,1
1782992940,2026-07-02T04:49:00-07:00,1
1782993000,2026-07-02T04:50:00-07:00,1
1782993060,2026-07-02T04:51:00-07:00,1
1782993120,2026-07-02T04:52:00-07:00,1
1782993180,2026-07-02T04:53:00-07:00,1
1782993240,2026-07-02T04:54:00-07:00,1
1782993300,2026-07-02T04:55:00-07:00,1
1782993360,2026-07-02T04:56:00-07:00,1
1782993420,2026-07-02T04:57:00-07:00,1
1782993480,2026-07-02T04:58:00-07:00,1
1782993540,2026-07-02T04:59:00-07:00,1
1782993600,2026-07-02T05:00:00-07:00,1
1782993660,2026-07-02T05:01:00-07:00,1
1782993720,2026-07-02T05:02:00-07:00,1
1782993780,2026-07-02T05:03:00-07:00,1
1782993840,2026-07-02T05:04:00-07:00,1
1782993900,2026-07-02T05:05:00-07:00,1
1782993960,2026-07-02T05:06:00-07:00,1
1782994020,2026-07-02T05:07:00-07:00,1
1782994080,2026-07-02T05:08:00-07:00,1
1782994140,2026-07-02T05:09:00-07:00,1
1782994200,2026-07-02T05:10:00-07:00,1
1782994260,2026-07-02T05:11:00-07:00,1
1782994320,2026-07-02T05:12:00-07:00,1
1782994380,2026-07-02T05:13:00-07:00,1
1782994440,2026-07-02T05:14:00-07:00,1
1782994500,2026-07-02T05:15:00-07:00,1
1782994560,2026-07-02T05:16:00-07:00,1
1782994620,2026-07-02T05:17:00-07:00,1
1782994680,2026-07-02T05:18:00-07:00,1
1782994740,2026-07-02T05:19:00-07:00,1
1782994800,2026-07-02T05:20:00-07:00,1
1782994860,2026-07-02T05:21:00-07:00,1
1782994920,2026-07-02T05:22:00-07:00,1
1782994980,2026-07-02T05:23:00-07:00,1
1782995040,2026-07-02T05:24:00-07:00,1
1782995100,2026-07-02T05:25:00-07:00,1
1782995160,2026-07-02T05:26:00-07:00,1
1782995220,2026-07-02T05:27:00-07:00,1
1782995280,2026-07-02T05:28:00-07:00,1
1782995340,2026-07-02T05:29:00-07:00,1
1782995400,2026-07-02T05:30:00-07:00,1
1782995460,2026-07-02T05:31:00-07:00,1
1782995520,2026-07-02T05:32:00-07:00,1
1782995580,2026-07-02T05:33:00-07:00,1
1782995640,2026-07-02T05:34:00-07:00,1
1782995700,2026-07-02T05:35:00-07:00,1
1782995760,2026-07-02T05:36:00-07:00,1
1782995820,2026-07-02T05:37:00-07:00,1
1782995880,2026-07-02T05:38:00-07:00,1
1782995940,2026-07-02T05:39:00-07:00,1
1782996000,2026-07-02T05:40:00-07:00,1
1782996060,2026-07-02T05:41:00-07:00,1
1782996120,2026-07-02T05:42:00-07:00,1
1782996180,2026-07-02T05:43:00-07:00,1
1782996240,2026-07-02T05:44:00-07:00,1
1782996300,2026-07-02T05:45:00-07:00,1
1782996360,2026-07-02T05:46:00-07:00,1
1782996420,2026-07-02T05:47:00-07:00,1
1782996480,2026-07-02T05:48:00-07:00,1
1782996540,2026-07-02T05:49:00-07:00,1
1782996600,2026-07-02T05:50:00-07:00,1
1782996660,2026-07-02T05:51:00-07:00,1
1782996720,2026-07-02T05:52:00-07:00,1
1782996780,2026-07-02T05:53:00-07:00,1
1782996840,2026-07-02T05:54:00-07:00,1
1782996900,2026-07-02T05:55:00-07:00,1
1782996960,2026-07-02T05:56:00-07:00,1
1782997020,2026-07-02T05:57:00-07:00,1
1782997080,2026-07-02T05:58:00-07:00,1
1782997140,2026-07-02T05:59:00-07:00,1
1782997200,2026-07-02T06:00:00-07:00,1
1782997260,2026-07-02T06:01:00-07:00,1
1782997320,2026-07-02T06:02:00-07:00,1
1782997380,2026-07-02T06:03:00-07:00,1
1782997440,2026-07-02T06:04:00-07:00,1
1782997500,2026-07-02T06:05:00-07:00,1
1782997560,2026-07-02T06:06:00-07:00,1
1782997620,2026-07-02T06:07:00-07:00,1
1782997680,2026-07-02T06:08:00-07:00,1
1782997740,2026-07-02T06:09:00-07:00,1
1782997800,2026-07-02T06:10:00-07:00,1
1782997860,2026-07-02T06:11:00-07:00,1
1782997920,2026-07-02T06:12:00-07:00,1
1782997980,2026-07-02T06:13:00-07:00,1
1782998040,2026-07-02T06:14:00-07:00,1
1782998100,2026-07-02T06:15:00-07:00,1
1782998160,2026-07-02T06:16:00-07:00,1
1782998220,2026-07-02T06:17:00-07:00,1
1782998280,2026-07-02T06:18:00-07:00,1
1782998340,2026-07-02T06:19:00-07:00,1
1782998400,2026-07-02T06:20:00-07:00,1
1782998460,2026-07-02T06:21:00-07:00,1
1782998520,2026-07-02T06:22:00-07:00,1
1782998580,2026-07-02T06:23:00-07:00,1
1782998640,2026-07-02T06:24:00-07:00,1
1782998700,2026-07-02T06:25:00-07:00,1
1782998760,2026-07-02T06:26:00-07:00,1
1782998820,2026-07-02T06:27:00-07:00,1
1782998880,2026-07-02T06:28:00-07:00,1
1782998940,2026-07-02T06:29:00-07:00,1
1782999000,2026-07-02T06:30:00-07:00,1
1782999060,2026-07-02T06:31:00-07:00,1
1782999120,2026-07-02T06:32:00-07:00,1
1782999180,2026-07-02T06:33:00-07:00,1
1782999240,2026-07-02T06:34:00-07:00,1
1782999300,2026-07-02T06:35:00-07:00,1
1782999360,2026-07-02T06:36:00-07:00,1
1782999420,2026-07-02T06:37:00-07:00,1
1782999480,2026-07-02T06:38:00-07:00,1
1782999540,2026-07-02T06:39:00-07:00,1
1782999600,2026-07-02T06:40:00-07:00,1
1782999660,2026-07-02T06:41:00-07:00,1
1782999720,2026-07-02T06:42:00-07:00,1
1782999780,2026-07-02T06:43:00-07:00,1
1782999840,2026-07-02T06:44:00-07:00,1
1782999900,2026-07-02T06:45:00-07:00,1
1782999960,2026-07-02T06:46:00-07:00,1
1783000020,2026-07-02T06:47:00-07:00,1
1783000080,2026-07-02T06:48:00-07:00,1
1783000140,2026-07-02T06:49:00-07:00,1
1783000200,2026-07-02T06:50:00-07:00,1
1783000260,2026-07-02T06:51:00-07:00,1
1783000320,2026-07-02T06:52:00-07:00,1
1783000380,2026-07-02T06:53:00-07:00,1
1783000440,2026-07-02T06:54:00-07:00,1
1783000500,2026-07-02T06:55:00-07:00,1
1783000560,2026-07-02T06:56:00-07:00,1
1783000620,2026-07-02T06:57:00-07:00,1
1783000680,2026-07-02T06:58:00-07:00,1
1783000740,2026-07-02T06:59:00-07:00,1
1783000800,2026-07-02T07:00:00-07:00,1
1783000860,2026-07-02T07:01:00-07:00,1
1783000920,2026-07-02T07:02:00-07:00,1
1783000980,2026-07-02T07:03:00-07:00,1
1783001040,2026-07-02T07:04:00-07:00,1
1783001100,2026-07-02T07:05:00-07:00,1
1783001160,2026-07-02T07:06:00-07:00,1
1783001220,2026-07-02T07:07:00-07:00,1
1783001280,2026-07-02T07:08:00-07:00,1
1783001340,2026-07-02T07:09:00-07:00,1
1783001400,2026-07-02T07:10:00-07:00,1
1783001460,2026-07-02T07:11:00-07:00,1
1783001520,2026-07-02T07:12:00-07:00,1
1783001580,2026-07-02T07:13:00-07:00,1
1783001640,2026-07-02T07:14:00-07:00,1
1783001700,2026-07-02T07:15:00-07:00,1
1783001760,2026-07-02T07:16:00-07:00,1
1783001820,2026-07-02T07:17:00-07:00,1
1783001880,2026-07-02T07:18:00-07:00,1
1783001940,2026-07-02T07:19:00-07:00,1
1783002000,2026-07-02T07:20:00-07:00,1
1783002060,2026-07-02T07:21:00-07:00,1
1783002120,2026-07-02T07:22:00-07:00,1
1783002180,2026-07-02T07:23:00-07:00,1
1783002240,2026-07-02T07:24:00-07:00,1
1783002300,2026-07-02T07:25:00-07:00,1
1783002360,2026-07-02T07:26:00-07:00,1
1783002420,2026-07-02T07:27:00-07:00,1
1783002480,2026-07-02T07:28:00-07:00,1
1783002540,2026-07-02T07:29:00-07:00,1
1783002600,2026-07-02T07:30:00-07:00,1
1783002660,2026-07-02T07:31:00-07:00,1
1783002720,2026-07-02T07:32:00-07:00,1
1783002780,2026-07-02T07:33:00-07:00,1
1783002840,2026-07-02T07:34:00-07:00,1
1783002900,2026-07-02T07:35:00-07:00,1
1783002960,2026-07-02T07:36:00-07:00,1
1783003020,2026-07-02T07:37:00-07:00,1
1783003080,2026-07-02T07:38:00-07:00,1
1783003140,2026-07-02T07:39:00-07:00,1
1783003200,2026-07-02T07:40:00-07:00,1
1783003260,2026-07-02T07:41:00-07:00,1
1783003320,2026-07-02T07:42:00-07:00,1
1783003380,2026-07-02T07:43:00-07:00,1
1783003440,2026-07-02T07:44:00-07:00,1
1783003500,2026-07-02T07:45:00-07:00,1
1783003560,2026-07-02T07:46:00-07:00,1
1783003620,2026-07-02T07:47:00-07:00,1
1783003680,2026-07-02T07:48:00-07:00,1
1783003740,2026-07-02T07:49:00-07:00,1
1783003800,2026-07-02T07:50:00-07:00,1
1783003860,2026-07-02T07:51:00-07:00,1
1783003920,2026-07-02T07:52:00-07:00,1
1783003980,2026-07-02T07:53:00-07:00,1
1783004040,2026-07-02T07:54:00-07:00,1
1783004100,2026-07-02T07:55:00-07:00,1
1783004160,2026-07-02T07:56:00-07:00,1
1783004220,2026-07-02T07:57:00-07:00,1
1783004280,2026-07-02T07:58:00-07:00,1
1783004340,2026-07-02T07:59:00-07:00,1
1783004400,2026-07-02T08:00:00-07:00,1
1783004460,2026-07-02T08:01:00-07:00,1
1783004520,2026-07-02T08:02:00-07:00,1
1783004580,2026-07-02T08:03:00-07:00,1
1783004640,2026-07-02T08:04:00-07:00,1
1783004700,2026-07-02T08:05:00-07:00,1
1783004760,2026-07-02T08:06:00-07:00,1
1783004820,2026-07-02T08:07:00-07:00,1
1783004880,2026-07-02T08:08:00-07:00,1
1783004940,2026-07-02T08:09:00-07:00,1
1783005000,2026-07-02T08:10:00-07:00,1
1783005060,2026-07-02T08:11:00-07:00,1
1783005120,2026-07-02T08:12:00-07:00,1
1783005180,2026-07-02T08:13:00-07:00,1
1783005240,2026-07-02T08:14:00-07:00,1
1783005300,2026-07-02T08:15:00-07:00,1
1783005360,2026-07-02T08:16:00-07:00,1
1783005420,2026-07-02T08:17:00-07:00,1
1783005480,2026-07-02T08:18:00-07:00,1
1783005540,2026-07-02T08:19:00-07:00,1
1783005600,2026-07-02T08:20:00-07:00,1
1783005660,2026-07-02T08:21:00-07:00,1
1783005720,2026-07-02T08:22:00-07:00,1
1783005780,2026-07-02T08:23:00-07:00,1
1783005840,2026-07-02T08:24:00-07:00,1
1783005900,2026-07-02T08:25:00-07:00,1
1783005960,2026-07-02T08:26:00-07:00,1
1783006020,2026-07-02T08:27:00-07:00,1
1783006080,2026-07-02T08:28:00-07:00,1
1783006140,2026-07-02T08:29:00-07:00,1
1783006200,2026-07-02T08:30:00-07:00,1
1783006260,2026-07-02T08:31:00-07:00,1
1783006320,2026-07-02T08:32:00-07:00,1
1783006380,2026-07-02T08:33:00-07:00,1
1783006440,2026-07-02T08:34:00-07:00,1
1783006500,2026-07-02T08:35:00-07:00,1
1783006560,2026-07-02T08:36:00-07:00,1
1783006620,2026-07-02T08:37:00-07:00,1
1783006680,2026-07-02T08:38:00-07:00,1
1783006740,2026-07-02T08:39:00-07:00,1
1783006800,2026-07-02T08:40:00-07:00,1
1783006860,2026-07-02T08:41:00-07:00,1
1783006920,2026-07-02T08:42:00-07:00,1
1783006980,2026-07-02T08:43:00-07:00,1
1783007040,2026-07-02T08:44:00-07:00,1
1783007100,2026-07-02T08:45:00-07:00,1
1783007160,2026-07-02T08:46:00-07:00,1
1783007220,2026-07-02T08:47:00-07:00,1
1783007280,2026-07-02T08:48:00-07:00,1
1783007340,2026-07-02T08:49:00-07:00,1
1783007400,2026-07-02T08:50:00-07:00,1
1783007460,2026-07-02T08:51:00-07:00,1
1783007520,2026-07-02T08:52:00-07:00,1
1783007580,2026-07-02T08:53:00-07:00,1
1783007640,2026-07-02T08:54:00-07:00,1
1783007700,2026-07-02T08:55:00-07:00,1
1783007760,2026-07-02T08:56:00-07:00,1
1783007820,2026-07-02T08:57:00-07:00,1
1783007880,2026-07-02T08:58:00-07:00,1
1783007940,2026-07-02T08:59:00-07:00,1
1783008000,2026-07-02T09:00:00-07:00,1
1783008060,2026-07-02T09:01:00-07:00,1
1783008120,2026-07-02T09:02:00-07:00,1
1783008180,2026-07-02T09:03:00-07:00,1
1783008240,2026-07-02T09:04:00-07:00,1
1783008300,2026-07-02T09:05:00-07:00,1
1783008360,2026-07-02T09:06:00-07:00,1
1783008420,2026-07-02T09:07:00-07:00,1
1783008480,2026-07-02T09:08:00-07:00,1
1783008540,2026-07-02T09:09:00-07:00,1
1783008600,2026-07-02T09:10:00-07:00,1
1783008660,2026-07-02T09:11:00-07:00,1
1783008720,2026-07-02T09:12:00-07:00,1
1783008780,2026-07-02T09:13:00-07:00,1
1783008840,2026-07-02T09:14:00-07:00,1
1783008900,2026-07-02T09:15:00-07:00,1
1783008960,2026-07-02T09:16:00-07:00,1
1783009020,2026-07-02T09:17:00-07:00,1
1783009080,2026-07-02T09:18:00-07:00,1
1783009140,2026-07-02T09:19:00-07:00,1
1783009200,2026-07-02T09:20:00-07:00,1
1783009260,2026-07-02T09:21:00-07:00,1
1783009320,2026-07-02T09:22:00-07:00,1
1783009380,2026-07-02T09:23:00-07:00,1
1783009440,2026-07-02T09:24:00-07:00,1
1783009500,2026-07-02T09:25:00-07:00,1
1783009560,2026-07-02T09:26:00-07:00,1
1783009620,2026-07-02T09:27:00-07:00,1
1783009680,2026-07-02T09:28:00-07:00,1
1783009740,2026-07-02T09:29:00-07:00,1
1783009800,2026-07-02T09:30:00-07:00,1
1783009860,2026-07-02T09:31:00-07:00,1
1783009920,2026-07-02T09:32:00-07:00,1
1783009980,2026-07-02T09:33:00-07:00,1
1783010040,2026-07-02T09:34:00-07:00,1
1783010100,2026-07-02T09:35:00-07:00,1
1783010160,2026-07-02T09:36:00-07:00,1
1783010220,2026-07-02T09:37:00-07:00,1
1783010280,2026-07-02T09:38:00-07:00,1
1783010340,2026-07-02T09:39:00-07:00,1
1783010400,2026-07-02T09:40:00-07:00,1
1783010460,2026-07-02T09:41:00-07:00,1
1783010520,2026-07-02T09:42:00-07:00,1
1783010580,2026-07-02T09:43:00-07:00,1
1783010640,2026-07-02T09:44:00-07:00,1
1783010700,2026-07-02T09:45:00-07:00,1
1783010760,2026-07-02T09:46:00-07:00,1
1783010820,2026-07-02T09:47:00-07:00,1
1783010880,2026-07-02T09:48:00-07:00,1
1783010940,2026-07-02T09:49:00-07:00,1
1783011000,2026-07-02T09:50:00-07:00,1
1783011060,2026-07-02T09:51:00-07:00,1
1783011120,2026-07-02T09:52:00-07:00,1
1783011180,2026-07-02T09:53:00-07:00,1
1783011240,2026-07-02T09:54:00-07:00,1
1783011300,2026-07-02T09:55:00-07:00,1
1783011360,2026-07-02T09:56:00-07:00,1
1783011420,2026-07-02T09:57:00-07:00,1
1783011480,2026-07-02T09:58:00-07:00,1
1783011540,2026-07-02T09:59:00-07:00,1
1783011600,2026-07-02T10:00:00-07:00,1
1783011660,2026-07-02T10:01:00-07:00,1
1783011720,2026-07-02T10:02:00-07:00,1
1783011780,2026-07-02T10:03:00-07:00,1
1783011840,2026-07-02T10:04:00-07:00,1
1783011900,2026-07-02T10:05:00-07:00,1
1783011960,2026-07-02T10:06:00-07:00,1
1783012020,2026-07-02T10:07:00-07:00,1
1783012080,2026-07-02T10:08:00-07:00,1
1783012140,2026-07-02T10:09:00-07:00,1
1783012200,2026-07-02T10:10:00-07:00,1
1783012260,2026-07-02T10:11:00-07:00,1
1783012320,2026-07-02T10:12:00-07:00,1
1783012380,2026-07-02T10:13:00-07:00,1
1783012440,2026-07-02T10:14:00-07:00,1
1783012500,2026-07-02T10:15:00-07:00,1
1783012560,2026-07-02T10:16:00-07:00,1
1783012620,2026-07-02T10:17:00-07:00,1
1783012680,2026-07-02T10:18:00-07:00,1
1783012740,2026-07-02T10:19:00-07:00,1
1783012800,2026-07-02T10:20:00-07:00,1
1783012860,2026-07-02T10:21:00-07:00,1
1783012920,2026-07-02T10:22:00-07:00,1
1783012980,2026-07-02T10:23:00-07:00,1
1783013040,2026-07-02T10:24:00-07:00,1
1783013100,2026-07-02T10:25:00-07:00,1
1783013160,2026-07-02T10:26:00-07:00,1
1783013220,2026-07-02T10:27:00-07:00,1
1783013280,2026-07-02T10:28:00-07:00,1
1783013340,2026-07-02T10:29:00-07:00,1
1783013400,2026-07-02T10:30:00-07:00,1
1783013460,2026-07-02T10:31:00-07:00,1
1783013520,2026-07-02T10:32:00-07:00,1
1783013580,2026-07-02T10:33:00-07:00,1
1783013640,2026-07-02T10:34:00-07:00,1
1783013700,2026-07-02T10:35:00-07:00,1
1783013760,2026-07-02T10:36:00-07:00,1
1783013820,2026-07-02T10:37:00-07:00,1
1783013880,2026-07-02T10:38:00-07:00,1
1783013940,2026-07-02T10:39:00-07:00,1
1783014000,2026-07-02T10:40:00-07:00,1
1783014060,2026-07-02T10:41:00-07:00,1
1783014120,2026-07-02T10:42:00-07:00,1
1783014180,2026-07-02T10:43:00-07:00,1
1783014240,2026-07-02T10:44:00-07:00,1
1783014300,2026-07-02T10:45:00-07:00,1
1783014360,2026-07-02T10:46:00-07:00,1
1783014420,2026-07-02T10:47:00-07:00,1
1783014480,2026-07-02T10:48:00-07:00,1
1783014540,2026-07-02T10:49:00-07:00,1
1783014600,2026-07-02T10:50:00-07:00,1
1783014660,2026-07-02T10:51:00-07:00,1
1783014720,2026-07-02T10:52:00-07:00,1
1783014780,2026-07-02T10:53:00-07:00,1
1783014840,2026-07-02T10:54:00-07:00,1
1783014900,2026-07-02T10:55:00-07:00,1
1783014960,2026-07-02T10:56:00-07:00,1
1783015020,2026-07-02T10:57:00-07:00,1
1783015080,2026-07-02T10:58:00-07:00,1
1783015140,2026-07-02T10:59:00-07:00,1
1783015200,2026-07-02T11:00:00-07:00,1
1783015260,2026-07-02T11:01:00-07:00,1
1783015320,2026-07-02T11:02:00-07:00,1
1783015380,2026-07-02T11:03:00-07:00,1
1783015440,2026-07-02T11:04:00-07:00,1
1783015500,2026-07-02T11:05:00-07:00,1
1783015560,2026-07-02T11:06:00-07:00,1
1783015620,2026-07-02T11:07:00-07:00,1
1783015680,2026-07-02T11:08:00-07:00,1
1783015740,2026-07-02T11:09:00-07:00,1
1783015800,2026-07-02T11:10:00-07:00,1
1783015860,2026-07-02T11:11:00-07:00,1
1783015920,2026-07-02T11:12:00-07:00,1
1783015980,2026-07-02T11:13:00-07:00,1
1783016040,2026-07-02T11:14:00-07:00,1
1783016100,2026-07-02T11:15:00-07:00,1
1783016160,2026-07-02T11:16:00-07:00,1
1783016220,2026-07-02T11:17:00-07:00,1
1783016280,2026-07-02T11:18:00-07:00,1
1783016340,2026-07-02T11:19:00-07:00,1
1783016400,2026-07-02T11:20:00-07:00,1
1783016460,2026-07-02T11:21:00-07:00,1
1783016520,2026-07-02T11:22:00-07:00,1
1783016580,2026-07-02T11:23:00-07:00,1
1783016640,2026-07-02T11:24:00-07:00,1
1783016700,2026-07-02T11:25:00-07:00,1
1783016760,2026-07-02T11:26:00-07:00,1
1783016820,2026-07-02T11:27:00-07:00,1
1783016880,2026-07-02T11:28:00-07:00,1
1783016940,2026-07-02T11:29:00-07:00,1
1783017000,2026-07-02T11:30:00-07:00,1
1783017060,2026-07-02T11:31:00-07:00,1
1783017120,2026-07-02T11:32:00-07:00,1
1783017180,2026-07-02T11:33:00-07:00,1
1783017240,2026-07-02T11:34:00-07:00,1
1783017300,2026-07-02T11:35:00-07:00,1
1783017360,2026-07-02T11:36:00-07:00,1
1783017420,2026-07-02T11:37:00-07:00,1
1783017480,2026-07-02T11:38:00-07:00,1
1783017540,2026-07-02T11:39:00-07:00,1
1783017600,2026-07-02T11:40:00-07:00,1
1783017660,2026-07-02T11:41:00-07:00,1
1783017720,2026-07-02T11:42:00-07:00,1
1783017780,2026-07-02T11:43:00-07:00,1
1783017840,2026-07-02T11:44:00-07:00,1
1783017900,2026-07-02T11:45:00-07:00,1
1783017960,2026-07-02T11:46:00-07:00,1
1783018020,2026-07-02T11:47:00-07:00,1
1783018080,2026-07-02T11:48:00-07:00,1
1783018140,2026-07-02T11:49:00-07:00,1
1783018200,2026-07-02T11:50:00-07:00,1
1783018260,2026-07-02T11:51:00-07:00,1
1783018320,2026-07-02T11:52:00-07:00,1
1783018380,2026-07-02T11:53:00-07:00,1
1783018440,2026-07-02T11:54:00-07:00,1
1783018500,2026-07-02T11:55:00-07:00,1
1783018560,2026-07-02T11:56:00-07:00,1
1783018620,2026-07-02T11:57:00-07:00,1
1783018680,2026-07-02T11:58:00-07:00,1
1783018740,2026-07-02T11:59:00-07:00,1
1783018800,2026-07-02T12:00:00-07:00,1
1783018860,2026-07-02T12:01:00-07:00,1
1783018920,2026-07-02T12:02:00-07:00,1
1783018980,2026-07-02T12:03:00-07:00,1
1783019040,2026-07-02T12:04:00-07:00,1
1783019100,2026-07-02T12:05:00-07:00,1
1783019160,2026-07-02T12:06:00-07:00,1
1783019220,2026-07-02T12:07:00-07:00,1
1783019280,2026-07-02T12:08:00-07:00,1
1783019340,2026-07-02T12:09:00-07:00,1
1783019400,2026-07-02T12:10:00-07:00,1
1783019460,2026-07-02T12:11:00-07:00,1
1783019520,2026-07-02T12:12:00-07:00,1
1783019580,2026-07-02T12:13:00-07:00,1
1783019640,2026-07-02T12:14:00-07:00,1
1783019700,2026-07-02T12:15:00-07:00,1
1783019760,2026-07-02T12:16:00-07:00,1
1783019820,2026-07-02T12:17:00-07:00,1
1783019880,2026-07-02T12:18:00-07:00,1
1783019940,2026-07-02T12:19:00-07:00,1
1783020000,2026-07-02T12:20:00-07:00,1
1783020060,2026-07-02T12:21:00-07:00,1
1783020120,2026-07-02T12:22:00-07:00,1
1783020180,2026-07-02T12:23:00-07:00,1
1783020240,2026-07-02T12:24:00-07:00,1
1783020300,2026-07-02T12:25:00-07:00,1
1783020360,2026-07-02T12:26:00-07:00,1
1783020420,2026-07-02T12:27:00-07:00,1
1783020480,2026-07-02T12:28:00-07:00,1
1783020540,2026-07-02T12:29:00-07:00,1
1783020600,2026-07-02T12:30:00-07:00,1
1783020660,2026-07-02T12:31:00-07:00,1
1783020720,2026-07-02T12:32:00-07:00,1
1783020780,2026-07-02T12:33:00-07:00,1
1783020840,2026-07-02T12:34:00-07:00,1
1783020900,2026-07-02T12:35:00-07:00,1
1783020960,2026-07-02T12:36:00-07:00,1
1783021020,2026-07-02T12:37:00-07:00,1
1783021080,2026-07-02T12:38:00-07:00,1
1783021140,2026-07-02T12:39:00-07:00,1
1783021200,2026-07-02T12:40:00-07:00,1
1783021260,2026-07-02T12:41:00-07:00,1
1783021320,2026-07-02T12:42:00-07:00,1
1783021380,2026-07-02T12:43:00-07:00,1
1783021440,2026-07-02T12:44:00-07:00,1
1783021500,2026-07-02T12:45:00-07:00,1
1783021560,2026-07-02T12:46:00-07:00,1
1783021620,2026-07-02T12:47:00-07:00,1
1783021680,2026-07-02T12:48:00-07:00,1
1783021740,2026-07-02T12:49:00-07:00,1
1783021800,2026-07-02T12:50:00-07:00,1
1783021860,2026-07-02T12:51:00-07:00,1
1783021920,2026-07-02T12:52:00-07:00,1
1783021980,2026-07-02T12:53:00-07:00,1
1783022040,2026-07-02T12:54:00-07:00,1
1783022100,2026-07-02T12:55:00-07:00,1
1783022160,2026-07-02T12:56:00-07:00,1
1783022220,2026-07-02T12:57:00-07:00,1
1783022280,2026-07-02T12:58:00-07:00,1
1783022340,2026-07-02T12:59:00-07:00,1
1783022400,2026-07-02T13:00:00-07:00,1
1783022460,2026-07-02T13:01:00-07:00,1
1783022520,2026-07-02T13:02:00-07:00,1
1783022580,2026-07-02T13:03:00-07:00,1
1783022640,2026-07-02T13:04:00-07:00,1
1783022700,2026-07-02T13:05:00-07:00,1
1783022760,2026-07-02T13:06:00-07:00,1
1783022820,2026-07-02T13:07:00-07:00,1
1783022880,2026-07-02T13:08:00-07:00,1
1783022940,2026-07-02T13:09:00-07:00,1
1783023000,2026-07-02T13:10:00-07:00,1
1783023060,2026-07-02T13:11:00-07:00,1
1783023120,2026-07-02T13:12:00-07:00,1
1783023180,2026-07-02T13:13:00-07:00,1
1783023240,2026-07-02T13:14:00-07:00,1
1783023300,2026-07-02T13:15:00-07:00,1
1783023360,2026-07-02T13:16:00-07:00,1
1783023420,2026-07-02T13:17:00-07:00,1
1783023480,2026-07-02T13:18:00-07:00,1
1783023540,2026-07-02T13:19:00-07:00,1
1783023600,2026-07-02T13:20:00-07:00,1
1783023660,2026-07-02T13:21:00-07:00,1
1783023720,2026-07-02T13:22:00-07:00,1
1783023780,2026-07-02T13:23:00-07:00,1
1783023840,2026-07-02T13:24:00-07:00,1
1783023900,2026-07-02T13:25:00-07:00,1
1783023960,2026-07-02T13:26:00-07:00,1
1783024020,2026-07-02T13:27:00-07:00,1
1783024080,2026-07-02T13:28:00-07:00,1
1783024140,2026-07-02T13:29:00-07:00,1
1783024200,2026-07-02T13:30:00-07:00,1
1783024260,2026-07-02T13:31:00-07:00,1
1783024320,2026-07-02T13:32:00-07:00,1
1783024380,2026-07-02T13:33:00-07:00,1
1783024440,2026-07-02T13:34:00-07:00,1
1783024500,2026-07-02T13:35:00-07:00,1
1783024560,2026-07-02T13:36:00-07:00,1
1783024620,2026-07-02T13:37:00-07:00,1
1783024680,2026-07-02T13:38:00-07:00,1
1783024740,2026-07-02T13:39:00-07:00,1
1783024800,2026-07-02T13:40:00-07:00,1
1783024860,2026-07-02T13:41:00-07:00,1
1783024920,2026-07-02T13:42:00-07:00,1
1783024980,2026-07-02T13:43:00-07:00,1
1783025040,2026-07-02T13:44:00-07:00,1
1783025100,2026-07-02T13:45:00-07:00,1
1783025160,2026-07-02T13:46:00-07:00,1
1783025220,2026-07-02T13:47:00-07:00,1
1783025280,2026-07-02T13:48:00-07:00,1
1783025340,2026-07-02T13:49:00-07:00,1
1783025400,2026-07-02T13:50:00-07:00,1
1783025460,2026-07-02T13:51:00-07:00,1
1783025520,2026-07-02T13:52:00-07:00,1
1783025580,2026-07-02T13:53:00-07:00,1
1783025640,2026-07-02T13:54:00-07:00,1
1783025700,2026-07-02T13:55:00-07:00,1
1783025760,2026-07-02T13:56:00-07:00,1
1783025820,2026-07-02T13:57:00-07:00,1
1783025880,2026-07-02T13:58:00-07:00,1
1783025940,2026-07-02T13:59:00-07:00,1
1783026000,2026-07-02T14:00:00-07:00,1
1783026060,2026-07-02T14:01:00-07:00,1
1783026120,2026-07-02T14:02:00-07:00,1
1783026180,2026-07-02T14:03:00-07:00,1
1783026240,2026-07-02T14:04:00-07:00,1
1783026300,2026-07-02T14:05:00-07:00,1
1783026360,2026-07-02T14:06:00-07:00,1
1783026420,2026-07-02T14:07:00-07:00,1
1783026480,2026-07-02T14:08:00-07:00,1
1783026540,2026-07-02T14:09:00-07:00,1
1783026600,2026-07-02T14:10:00-07:00,1
1783026660,2026-07-02T14:11:00-07:00,1
1783026720,2026-07-02T14:12:00-07:00,1
1783026780,2026-07-02T14:13:00-07:00,1
1783026840,2026-07-02T14:14:00-07:00,1
1783026900,2026-07-02T14:15:00-07:00,1
1783026960,2026-07-02T14:16:00-07:00,1
1783027020,2026-07-02T14:17:00-07:00,1
1783027080,2026-07-02T14:18:00-07:00,1
1783027140,2026-07-02T14:19:00-07:00,1
1783027200,2026-07-02T14:20:00-07:00,1
1783027260,2026-07-02T14:21:00-07:00,1
1783027320,2026-07-02T14:22:00-07:00,1
1783027380,2026-07-02T14:23:00-07:00,1
1783027440,2026-07-02T14:24:00-07:00,1
1783027500,2026-07-02T14:25:00-07:00,1
1783027560,2026-07-02T14:26:00-07:00,1
1783027620,2026-07-02T14:27:00-07:00,1
1783027680,2026-07-02T14:28:00-07:00,1
1783027740,2026-07-02T14:29:00-07:00,1
1783027800,2026-07-02T14:30:00-07:00,1
1783027860,2026-07-02T14:31:00-07:00,1
1783027920,2026-07-02T14:32:00-07:00,1
1783027980,2026-07-02T14:33:00-07:00,1
1783028040,2026-07-02T14:34:00-07:00,1
1783028100,2026-07-02T14:35:00-07:00,1
1783028160,2026-07-02T14:36:00-07:00,1
1783028220,2026-07-02T14:37:00-07:00,1
1783028280,2026-07-02T14:38:00-07:00,1
1783028340,2026-07-02T14:39:00-07:00,1
1783028400,2026-07-02T14:40:00-07:00,1
1783028460,2026-07-02T14:41:00-07:00,1
1783028520,2026-07-02T14:42:00-07:00,1
1783028580,2026-07-02T14:43:00-07:00,1
1783028640,2026-07-02T14:44:00-07:00,1
1783028700,2026-07-02T14:45:00-07:00,1
1783028760,2026-07-02T14:46:00-07:00,1
1783028820,2026-07-02T14:47:00-07:00,1
1783028880,2026-07-02T14:48:00-07:00,1
1783028940,2026-07-02T14:49:00-07:00,1
1783029000,2026-07-02T14:50:00-07:00,1
1783029060,2026-07-02T14:51:00-07:00,1
1783029120,2026-07-02T14:52:00-07:00,1
1783029180,2026-07-02T14:53:00-07:00,1
1783029240,2026-07-02T14:54:00-07:00,1
1783029300,2026-07-02T14:55:00-07:00,1
1783029360,2026-07-02T14:56:00-07:00,1
1783029420,2026-07-02T14:57:00-07:00,1
1783029480,2026-07-02T14:58:00-07:00,1
1783029540,2026-07-02T14:59:00-07:00,1
1783029600,2026-07-02T15:00:00-07:00,1
1783029660,2026-07-02T15:01:00-07:00,1
1783029720,2026-07-02T15:02:00-07:00,1
1783029780,2026-07-02T15:03:00-07:00,1
1783029840,2026-07-02T15:04:00-07:00,1
1783029900,2026-07-02T15:05:00-07:00,1
1783029960,2026-07-02T15:06:00-07:00,1
1783030020,2026-07-02T15:07:00-07:00,1
1783030080,2026-07-02T15:08:00-07:00,1
1783030140,2026-07-02T15:09:00-07:00,1
1783030200,2026-07-02T15:10:00-07:00,1
1783030260,2026-07-02T15:11:00-07:00,1
1783030320,2026-07-02T15:12:00-07:00,1
1783030380,2026-07-02T15:13:00-07:00,1
1783030440,2026-07-02T15:14:00-07:00,1
1783030500,2026-07-02T15:15:00-07:00,1
1783030560,2026-07-02T15:16:00-07:00,1
1783030620,2026-07-02T15:17:00-07:00,1
1783030680,2026-07-02T15:18:00-07:00,1
1783030740,2026-07-02T15:19:00-07:00,1
1783030800,2026-07-02T15:20:00-07:00,1
1783030860,2026-07-02T15:21:00-07:00,1
1783030920,2026-07-02T15:22:00-07:00,1
1783030980,2026-07-02T15:23:00-07:00,1
1783031040,2026-07-02T15:24:00-07:00,1
1783031100,2026-07-02T15:25:00-07:00,1
1783031160,2026-07-02T15:26:00-07:00,1
1783031220,2026-07-02T15:27:00-07:00,1
1783031280,2026-07-02T15:28:00-07:00,1
1783031340,2026-07-02T15:29:00-07:00,1
1783031400,2026-07-02T15:30:00-07:00,1
1783031460,2026-07-02T15:31:00-07:00,1
1783031520,2026-07-02T15:32:00-07:00,1
1783031580,2026-07-02T15:33:00-07:00,1
1783031640,2026-07-02T15:34:00-07:00,1
1783031700,2026-07-02T15:35:00-07:00,1
1783031760,2026-07-02T15:36:00-07:00,1
1783031820,2026-07-02T15:37:00-07:00,1
1783031880,2026-07-02T15:38:00-07:00,1
1783031940,2026-07-02T15:39:00-07:00,1
1783032000,2026-07-02T15:40:00-07:00,1
1783032060,2026-07-02T15:41:00-07:00,1
1783032120,2026-07-02T15:42:00-07:00,1
1783032180,2026-07-02T15:43:00-07:00,1
1783032240,2026-07-02T15:44:00-07:00,1
1783032300,2026-07-02T15:45:00-07:00,1
1783032360,2026-07-02T15:46:00-07:00,1
1783032420,2026-07-02T15:47:00-07:00,1
1783032480,2026-07-02T15:48:00-07:00,1
1783032540,2026-07-02T15:49:00-07:00,1
1783032600,2026-07-02T15:50:00-07:00,1
1783032660,2026-07-02T15:51:00-07:00,1
1783032720,2026-07-02T15:52:00-07:00,1
1783032780,2026-07-02T15:53:00-07:00,1
1783032840,2026-07-02T15:54:00-07:00,1
1783032900,2026-07-02T15:55:00-07:00,1
1783032960,2026-07-02T15:56:00-07:00,1
1783033020,2026-07-02T15:57:00-07:00,1
1783033080,2026-07-02T15:58:00-07:00,1
1783033140,2026-07-02T15:59:00-07:00,1
1783033200,2026-07-02T16:00:00-07:00,1
1783033260,2026-07-02T16:01:00-07:00,1
1783033320,2026-07-02T16:02:00-07:00,1
1783033380,2026-07-02T16:03:00-07:00,1
1783033440,2026-07-02T16:04:00-07:00,1
1783033500,2026-07-02T16:05:00-07:00,1
1783033560,2026-07-02T16:06:00-07:00,1
1783033620,2026-07-02T16:07:00-07:00,1
1783033680,2026-07-02T16:08:00-07:00,1
1783033740,2026-07-02T16:09:00-07:00,1
1783033800,2026-07-02T16:10:00-07:00,1
1783033860,2026-07-02T16:11:00-07:00,1
1783033920,2026-07-02T16:12:00-07:00,1
1783033980,2026-07-02T16:13:00-07:00,1
1783034040,2026-07-02T16:14:00-07:00,1
1783034100,2026-07-02T16:15:00-07:00,1
1783034160,2026-07-02T16:16:00-07:00,1
1783034220,2026-07-02T16:17:00-07:00,1
1783034280,2026-07-02T16:18:00-07:00,1
1783034340,2026-07-02T16:19:00-07:00,1
1783034400,2026-07-02T16:20:00-07:00,1
1783034460,2026-07-02T16:21:00-07:00,1
1783034520,2026-07-02T16:22:00-07:00,1
1783034580,2026-07-02T16:23:00-07:00,1
1783034640,2026-07-02T16:24:00-07:00,1
1783034700,2026-07-02T16:25:00-07:00,1
1783034760,2026-07-02T16:26:00-07:00,1
1783034820,2026-07-02T16:27:00-07:00,1
1783034880,2026-07-02T16:28:00-07:00,1
1783034940,2026-07-02T16:29:00-07:00,1
1783035000,2026-07-02T16:30:00-07:00,1
1783035060,2026-07-02T16:31:00-07:00,1
1783035120,2026-07-02T16:32:00-07:00,1
1783035180,2026-07-02T16:33:00-07:00,1
1783035240,2026-07-02T16:34:00-07:00,1
1783035300,2026-07-02T16:35:00-07:00,1
1783035360,2026-07-02T16:36:00-07:00,1
1783035420,2026-07-02T16:37:00-07:00,1
1783035480,2026-07-02T16:38:00-07:00,1
1783035540,2026-07-02T16:39:00-07:00,1
1783035600,2026-07-02T16:40:00-07:00,1
1783035660,2026-07-02T16:41:00-07:00,1
1783035720,2026-07-02T16:42:00-07:00,1
1783035780,2026-07-02T16:43:00-07:00,1
1783035840,2026-07-02T16:44:00-07:00,1
1783035900,2026-07-02T16:45:00-07:00,1
1783035960,2026-07-02T16:46:00-07:00,1
1783036020,2026-07-02T16:47:00-07:00,1
1783036080,2026-07-02T16:48:00-07:00,1
1783036140,2026-07-02T16:49:00-07:00,1
1783036200,2026-07-02T16:50:00-07:00,1
1783036260,2026-07-02T16:51:00-07:00,1
1783036320,2026-07-02T16:52:00-07:00,1
1783036380,2026-07-02T16:53:00-07:00,1
1783036440,2026-07-02T16:54:00-07:00,1
1783036500,2026-07-02T16:55:00-07:00,1
1783036560,2026-07-02T16:56:00-07:00,1
1783036620,2026-07-02T16:57:00-07:00,1
1783036680,2026-07-02T16:58:00-07:00,1
1783036740,2026-07-02T16:59:00-07:00,1
1783036800,2026-07-02T17:00:00-07:00,1
1783036860,2026-07-02T17:01:00-07:00,1
1783036920,2026-07-02T17:02:00-07:00,1
1783036980,2026-07-02T17:03:00-07:00,1
1783037040,2026-07-02T17:04:00-07:00,1
1783037100,2026-07-02T17:05:00-07:00,1
1783037160,2026-07-02T17:06:00-07:00,1
1783037220,2026-07-02T17:07:00-07:00,1
1783037280,2026-07-02T17:08:00-07:00,1
1783037340,2026-07-02T17:09:00-07:00,1
1783037400,2026-07-02T17:10:00-07:00,1
1783037460,2026-07-02T17:11:00-07:00,1
1783037520,2026-07-02T17:12:00-07:00,1
1783037580,2026-07-02T17:13:00-07:00,1
1783037640,2026-07-02T17:14:00-07:00,1
1783037700,2026-07-02T17:15:00-07:00,1
1783037760,2026-07-02T17:16:00-07:00,1
1783037820,2026-07-02T17:17:00-07:00,1
1783037880,2026-07-02T17:18:00-07:00,1
1783037940,2026-07-02T17:19:00-07:00,1
1783038000,2026-07-02T17:20:00-07:00,1
1783038060,2026-07-02T17:21:00-07:00,1
1783038120,2026-07-02T17:22:00-07:00,1
1783038180,2026-07-02T17:23:00-07:00,1
1783038240,2026-07-02T17:24:00-07:00,1
1783038300,2026-07-02T17:25:00-07:00,1
1783038360,2026-07-02T17:26:00-07:00,1
1783038420,2026-07-02T17:27:00-07:00,1
1783038480,2026-07-02T17:28:00-07:00,1
1783038540,2026-07-02T17:29:00-07:00,1
1783038600,2026-07-02T17:30:00-07:00,1
1783038660,2026-07-02T17:31:00-07:00,1
1783038720,2026-07-02T17:32:00-07:00,1
1783038780,2026-07-02T17:33:00-07:00,1
1783038840,2026-07-02T17:34:00-07:00,1
1783038900,2026-07-02T17:35:00-07:00,1
1783038960,2026-07-02T17:36:00-07:00,1
1783039020,2026-07-02T17:37:00-07:00,1
1783039080,2026-07-02T17:38:00-07:00,1
1783039140,2026-07-02T17:39:00-07:00,1
1783039200,2026-07-02T17:40:00-07:00,1
1783039260,2026-07-02T17:41:00-07:00,1
1783039320,2026-07-02T17:42:00-07:00,1
1783039380,2026-07-02T17:43:00-07:00,1
1783039440,2026-07-02T17:44:00-07:00,1
1783039500,2026-07-02T17:45:00-07:00,1
1783039560,2026-07-02T17:46:00-07:00,1
1783039620,2026-07-02T17:47:00-07:00,1
1783039680,2026-07-02T17:48:00-07:00,1
1783039740,2026-07-02T17:49:00-07:00,1
1783039800,2026-07-02T17:50:00-07:00,1
1783039860,2026-07-02T17:51:00-07:00,1
1783039920,2026-07-02T17:52:00-07:00,1
1783039980,2026-07-02T17:53:00-07:00,1
1783040040,2026-07-02T17:54:00-07:00,1
1783040100,2026-07-02T17:55:00-07:00,1
1783040160,2026-07-02T17:56:00-07:00,1
1783040220,2026-07-02T17:57:00-07:00,1
1783040280,2026-07-02T17:58:00-07:00,1
1783040340,2026-07-02T17:59:00-07:00,1
1783040400,2026-07-02T18:00:00-07:00,1
1783040460,2026-07-02T18:01:00-07:00,1
1783040520,2026-07-02T18:02:00-07:00,1
1783040580,2026-07-02T18:03:00-07:00,1
1783040640,2026-07-02T18:04:00-07:00,1
1783040700,2026-07-02T18:05:00-07:00,1
1783040760,2026-07-02T18:06:00-07:00,1
1783040820,2026-07-02T18:07:00-07:00,1
1783040880,2026-07-02T18:08:00-07:00,1
1783040940,2026-07-02T18:09:00-07:00,1
1783041000,2026-07-02T18:10:00-07:00,1
1783041060,2026-07-02T18:11:00-07:00,1
1783041120,2026-07-02T18:12:00-07:00,1
1783041180,2026-07-02T18:13:00-07:00,1
1783041240,2026-07-02T18:14:00-07:00,1
1783041300,2026-07-02T18:15:00-07:00,1
1783041360,2026-07-02T18:16:00-07:00,1
1783041420,2026-07-02T18:17:00-07:00,1
1783041480,2026-07-02T18:18:00-07:00,1
1783041540,2026-07-02T18:19:00-07:00,1
1783041600,2026-07-02T18:20:00-07:00,1
1783041660,2026-07-02T18:21:00-07:00,1
1783041720,2026-07-02T18:22:00-07:00,1
1783041780,2026-07-02T18:23:00-07:00,1
1783041840,2026-07-02T18:24:00-07:00,1
1783041900,2026-07-02T18:25:00-07:00,1
1783041960,2026-07-02T18:26:00-07:00,1
1783042020,2026-07-02T18:27:00-07:00,1
1783042080,2026-07-02T18:28:00-07:00,1
1783042140,2026-07-02T18:29:00-07:00,1
1783042200,2026-07-02T18:30:00-07:00,1
1783042260,2026-07-02T18:31:00-07:00,1
1783042320,2026-07-02T18:32:00-07:00,1
1783042380,2026-07-02T18:33:00-07:00,1
1783042440,2026-07-02T18:34:00-07:00,1
1783042500,2026-07-02T18:35:00-07:00,1
1783042560,2026-07-02T18:36:00-07:00,1
1783042620,2026-07-02T18:37:00-07:00,1
1783042680,2026-07-02T18:38:00-07:00,1
1783042740,2026-07-02T18:39:00-07:00,1
1783042800,2026-07-02T18:40:00-07:00,1
1783042860,2026-07-02T18:41:00-07:00,1
1783042920,2026-07-02T18:42:00-07:00,1
1783042980,2026-07-02T18:43:00-07:00,1
1783043040,2026-07-02T18:44:00-07:00,1
1783043100,2026-07-02T18:45:00-07:00,1
1783043160,2026-07-02T18:46:00-07:00,1
1783043220,2026-07-02T18:47:00-07:00,1
1783043280,2026-07-02T18:48:00-07:00,1
1783043340,2026-07-02T18:49:00-07:00,1
1783043400,2026-07-02T18:50:00-07:00,1
1783043460,2026-07-02T18:51:00-07:00,1
1783043520,2026-07-02T18:52:00-07:00,1
1783043580,2026-07-02T18:53:00-07:00,1
1783043640,2026-07-02T18:54:00-07:00,1
1783043700,2026-07-02T18:55:00-07:00,1
1783043760,2026-07-02T18:56:00-07:00,1
1783043820,2026-07-02T18:57:00-07:00,1
1783043880,2026-07-02T18:58:00-07:00,1
1783043940,2026-07-02T18:59:00-07:00,1
1783044000,2026-07-02T19:00:00-07:00,1
1783044060,2026-07-02T19:01:00-07:00,1
1783044120,2026-07-02T19:02:00-07:00,1
1783044180,2026-07-02T19:03:00-07:00,1
1783044240,2026-07-02T19:04:00-07:00,1
1783044300,2026-07-02T19:05:00-07:00,1
1783044360,2026-07-02T19:06:00-07:00,1
1783044420,2026-07-02T19:07:00-07:00,1
1783044480,2026-07-02T19:08:00-07:00,1
1783044540,2026-07-02T19:09:00-07:00,1
1783044600,2026-07-02T19:10:00-07:00,1
1783044660,2026-07-02T19:11:00-07:00,1
1783044720,2026-07-02T19:12:00-07:00,1
1783044780,2026-07-02T19:13:00-07:00,1
1783044840,2026-07-02T19:14:00-07:00,1
1783044900,2026-07-02T19:15:00-07:00,1
1783044960,2026-07-02T19:16:00-07:00,1
1783045020,2026-07-02T19:17:00-07:00,1
1783045080,2026-07-02T19:18:00-07:00,1
1783045140,2026-07-02T19:19:00-07:00,1
1783045200,2026-07-02T19:20:00-07:00,1
1783045260,2026-07-02T19:21:00-07:00,1
1783045320,2026-07-02T19:22:00-07:00,1
1783045380,2026-07-02T19:23:00-07:00,1
1783045440,2026-07-02T19:24:00-07:00,1
1783045500,2026-07-02T19:25:00-07:00,1
1783045560,2026-07-02T19:26:00-07:00,1
1783045620,2026-07-02T19:27:00-07:00,1
1783045680,2026-07-02T19:28:00-07:00,1
1783045740,2026-07-02T19:29:00-07:00,1
1783045800,2026-07-02T19:30:00-07:00,1
1783045860,2026-07-02T19:31:00-07:00,1
1783045920,2026-07-02T19:32:00-07:00,1
1783045980,2026-07-02T19:33:00-07:00,1
1783046040,2026-07-02T19:34:00-07:00,1
1783046100,2026-07-02T19:35:00-07:00,1
1783046160,2026-07-02T19:36:00-07:00,1
1783046220,2026-07-02T19:37:00-07:00,1
1783046280,2026-07-02T19:38:00-07:00,1
1783046340,2026-07-02T19:39:00-07:00,1
1783046400,2026-07-02T19:40:00-07:00,1
1783046460,2026-07-02T19:41:00-07:00,1
1783046520,2026-07-02T19:42:00-07:00,1
1783046580,2026-07-02T19:43:00-07:00,1
1783046640,2026-07-02T19:44:00-07:00,1
1783046700,2026-07-02T19:45:00-07:00,1
1783046760,2026-07-02T19:46:00-07:00,1
1783046820,2026-07-02T19:47:00-07:00,1
1783046880,2026-07-02T19:48:00-07:00,1
1783046940,2026-07-02T19:49:00-07:00,1
1783047000,2026-07-02T19:50:00-07:00,1
1783047060,2026-07-02T19:51:00-07:00,1
1783047120,2026-07-02T19:52:00-07:00,1
1783047180,2026-07-02T19:53:00-07:00,1
1783047240,2026-07-02T19:54:00-07:00,1
1783047300,2026-07-02T19:55:00-07:00,1
1783047360,2026-07-02T19:56:00-07:00,1
1783047420,2026-07-02T19:57:00-07:00,1
1783047480,2026-07-02T19:58:00-07:00,1
1783047540,2026-07-02T19:59:00-07:00,1
1783047600,2026-07-02T20:00:00-07:00,1
1783047660,2026-07-02T20:01:00-07:00,1
1783047720,2026-07-02T20:02:00-07:00,1
1783047780,2026-07-02T20:03:00-07:00,1
1783047840,2026-07-02T20:04:00-07:00,1
1783047900,2026-07-02T20:05:00-07:00,1
1783047960,2026-07-02T20:06:00-07:00,1
1783048020,2026-07-02T20:07:00-07:00,1
1783048080,2026-07-02T20:08:00-07:00,1
1783048140,2026-07-02T20:09:00-07:00,1
1783048200,2026-07-02T20:10:00-07:00,1
1783048260,2026-07-02T20:11:00-07:00,1
1783048320,2026-07-02T20:12:00-07:00,1
1783048380,2026-07-02T20:13:00-07:00,1
1783048440,2026-07-02T20:14:00-07:00,1
1783048500,2026-07-02T20:15:00-07:00,1
1783048560,2026-07-02T20:16:00-07:00,1
1783048620,2026-07-02T20:17:00-07:00,1
1783048680,2026-07-02T20:18:00-07:00,1
1783048740,2026-07-02T20:19:00-07:00,1
1783048800,2026-07-02T20:20:00-07:00,1
1783048860,2026-07-02T20:21:00-07:00,1
1783048920,2026-07-02T20:22:00-07:00,1
1783048980,2026-07-02T20:23:00-07:00,1
1783049040,2026-07-02T20:24:00-07:00,1
1783049100,2026-07-02T20:25:00-07:00,1
1783049160,2026-07-02T20:26:00-07:00,1
1783049220,2026-07-02T20:27:00-07:00,1
1783049280,2026-07-02T20:28:00-07:00,1
1783049340,2026-07-02T20:29:00-07:00,1
1783049400,2026-07-02T20:30:00-07:00,1
1783049460,2026-07-02T20:31:00-07:00,1
1783049520,2026-07-02T20:32:00-07:00,1
1783049580,2026-07-02T20:33:00-07:00,1
1783049640,2026-07-02T20:34:00-07:00,1
1783049700,2026-07-02T20:35:00-07:00,1
1783049760,2026-07-02T20:36:00-07:00,1
1783049820,2026-07-02T20:37:00-07:00,1
1783049880,2026-07-02T20:38:00-07:00,1
1783049940,2026-07-02T20:39:00-07:00,1
1783050000,2026-07-02T20:40:00-07:00,1
1783050060,2026-07-02T20:41:00-07:00,1
1783050120,2026-07-02T20:42:00-07:00,1
1783050180,2026-07-02T20:43:00-07:00,1
1783050240,2026-07-02T20:44:00-07:00,1
1783050300,2026-07-02T20:45:00-07:00,1
1783050360,2026-07-02T20:46:00-07:00,1
1783050420,2026-07-02T20:47:00-07:00,1
1783050480,2026-07-02T20:48:00-07:00,1
1783050540,2026-07-02T20:49:00-07:00,1
1783050600,2026-07-02T20:50:00-07:00,1
1783050660,2026-07-02T20:51:00-07:00,1
1783050720,2026-07-02T20:52:00-07:00,1
1783050780,2026-07-02T20:53:00-07:00,1
1783050840,2026-07-02T20:54:00-07:00,1
1783050900,2026-07-02T20:55:00-07:00,1
1783050960,2026-07-02T20:56:00-07:00,1
1783051020,2026-07-02T20:57:00-07:00,1
1783051080,2026-07-02T20:58:00-07:00,1
1783051140,2026-07-02T20:59:00-07:00,1
1783051200,2026-07-02T21:00:00-07:00,1
1783051260,2026-07-02T21:01:00-07:00,1
1783051320,2026-07-02T21:02:00-07:00,1
1783051380,2026-07-02T21:03:00-07:00,1
1783051440,2026-07-02T21:04:00-07:00,1
1783051500,2026-07-02T21:05:00-07:00,1
1783051560,2026-07-02T21:06:00-07:00,1
1783051620,2026-07-02T21:07:00-07:00,1
1783051680,2026-07-02T21:08:00-07:00,1
1783051740,2026-07-02T21:09:00-07:00,1
1783051800,2026-07-02T21:10:00-07:00,1
1783051860,2026-07-02T21:11:00-07:00,1
1783051920,2026-07-02T21:12:00-07:00,1
1783051980,2026-07-02T21:13:00-07:00,1
1783052040,2026-07-02T21:14:00-07:00,1
1783052100,2026-07-02T21:15:00-07:00,1
1783052160,2026-07-02T21:16:00-07:00,1
1783052220,2026-07-02T21:17:00-07:00,1
1783052280,2026-07-02T21:18:00-07:00,1
1783052340,2026-07-02T21:19:00-07:00,1
1783052400,2026-07-02T21:20:00-07:00,1
1783052460,2026-07-02T21:21:00-07:00,1
1783052520,2026-07-02T21:22:00-07:00,1
1783052580,2026-07-02T21:23:00-07:00,1
1783052640,2026-07-02T21:24:00-07:00,1
1783052700,2026-07-02T21:25:00-07:00,1
1783052760,2026-07-02T21:26:00-07:00,1
1783052820,2026-07-02T21:27:00-07:00,1
1783052880,2026-07-02T21:28:00-07:00,1
1783052940,2026-07-02T21:29:00-07:00,1
1783053000,2026-07-02T21:30:00-07:00,1
1783053060,2026-07-02T21:31:00-07:00,1
1783053120,2026-07-02T21:32:00-07:00,1
1783053180,2026-07-02T21:33:00-07:00,1
1783053240,2026-07-02T21:34:00-07:00,1
1783053300,2026-07-02T21:35:00-07:00,1
1783053360,2026-07-02T21:36:00-07:00,1
1783053420,2026-07-02T21:37:00-07:00,1
1783053480,2026-07-02T21:38:00-07:00,1
1783053540,2026-07-02T21:39:00-07:00,1
1783053600,2026-07-02T21:40:00-07:00,1
1783053660,2026-07-02T21:41:00-07:00,1
1783053720,2026-07-02T21:42:00-07:00,1
1783053780,2026-07-02T21:43:00-07:00,1
1783053840,2026-07-02T21:44:00-07:00,1
1783053900,2026-07-02T21:45:00-07:00,1
1783053960,2026-07-02T21:46:00-07:00,1
1783054020,2026-07-02T21:47:00-07:00,1
1783054080,2026-07-02T21:48:00-07:00,1
1783054140,2026-07-02T21:49:00-07:00,1
1783054200,2026-07-02T21:50:00-07:00,1
1783054260,2026-07-02T21:51:00-07:00,1
1783054320,2026-07-02T21:52:00-07:00,1
1783054380,2026-07-02T21:53:00-07:00,1
1783054440,2026-07-02T21:54:00-07:00,1
1783054500,2026-07-02T21:55:00-07:00,1
1783054560,2026-07-02T21:56:00-07:00,1
1783054620,2026-07-02T21:57:00-07:00,1
1783054680,2026-07-02T21:58:00-07:00,1
1783054740,2026-07-02T21:59:00-07:00,1
1783054800,2026-07-02T22:00:00-07:00,1
1783054860,2026-07-02T22:01:00-07:00,1
1783054920,2026-07-02T22:02:00-07:00,1
1783054980,2026-07-02T22:03:00-07:00,1
1783055040,2026-07-02T22:04:00-07:00,1
1783055100,2026-07-02T22:05:00-07:00,1
1783055160,2026-07-02T22:06:00-07:00,1
1783055220,2026-07-02T22:07:00-07:00,1
1783055280,2026-07-02T22:08:00-07:00,1
1783055340,2026-07-02T22:09:00-07:00,1
1783055400,2026-07-02T22:10:00-07:00,1
1783055460,2026-07-02T22:11:00-07:00,1
1783055520,2026-07-02T22:12:00-07:00,1
1783055580,2026-07-02T22:13:00-07:00,1
1783055640,2026-07-02T22:14:00-07:00,1
1783055700,2026-07-02T22:15:00-07:00,1
1783055760,2026-07-02T22:16:00-07:00,1
1783055820,2026-07-02T22:17:00-07:00,1
1783055880,2026-07-02T22:18:00-07:00,1
1783055940,2026-07-02T22:19:00-07:00,1
1783056000,2026-07-02T22:20:00-07:00,1
1783056060,2026-07-02T22:21:00-07:00,1
1783056120,2026-07-02T22:22:00-07:00,1
1783056180,2026-07-02T22:23:00-07:00,1
1783056240,2026-07-02T22:24:00-07:00,1
1783056300,2026-07-02T22:25:00-07:00,1
1783056360,2026-07-02T22:26:00-07:00,1
1783056420,2026-07-02T22:27:00-07:00,1
1783056480,2026-07-02T22:28:00-07:00,1
1783056540,2026-07-02T22:29:00-07:00,1
1783056600,2026-07-02T22:30:00-07:00,1
1783056660,2026-07-02T22:31:00-07:00,1
1783056720,2026-07-02T22:32:00-07:00,1
1783056780,2026-07-02T22:33:00-07:00,1
1783056840,2026-07-02T22:34:00-07:00,1
1783056900,2026-07-02T22:35:00-07:00,1
1783056960,2026-07-02T22:36:00-07:00,1
1783057020,2026-07-02T22:37:00-07:00,1
1783057080,2026-07-02T22:38:00-07:00,1
1783057140,2026-07-02T22:39:00-07:00,1
1783057200,2026-07-02T22:40:00-07:00,1
1783057260,2026-07-02T22:41:00-07:00,1
1783057320,2026-07-02T22:42:00-07:00,1
1783057380,2026-07-02T22:43:00-07:00,1
1783057440,2026-07-02T22:44:00-07:00,1
1783057500,2026-07-02T22:45:00-07:00,1
1783057560,2026-07-02T22:46:00-07:00,1
1783057620,2026-07-02T22:47:00-07:00,1
1783057680,2026-07-02T22:48:00-07:00,1
1783057740,2026-07-02T22:49:00-07:00,1
1783057800,2026-07-02T22:50:00-07:00,1
1783057860,2026-07-02T22:51:00-07:00,1
1783057920,2026-07-02T22:52:00-07:00,1
1783057980,2026-07-02T22:53:00-07:00,1
1783058040,2026-07-02T22:54:00-07:00,1
1783058100,2026-07-02T22:55:00-07:00,1
1783058160,2026-07-02T22:56:00-07:00,1
1783058220,2026-07-02T22:57:00-07:00,1
1783058280,2026-07-02T22:58:00-07:00,1
1783058340,2026-07-02T22:59:00-07:00,1
1783058400,2026-07-02T23:00:00-07:00,1
1783058460,2026-07-02T23:01:00-07:00,1
1783058520,2026-07-02T23:02:00-07:00,1
1783058580,2026-07-02T23:03:00-07:00,1
1783058640,2026-07-02T23:04:00-07:00,1
1783058700,2026-07-02T23:05:00-07:00,1
1783058760,2026-07-02T23:06:00-07:00,1
1783058820,2026-07-02T23:07:00-07:00,1
1783058880,2026-07-02T23:08:00-07:00,1
1783058940,2026-07-02T23:09:00-07:00,1
1783059000,2026-07-02T23:10:00-07:00,1
1783059060,2026-07-02T23:11:00-07:00,1
1783059120,2026-07-02T23:12:00-07:00,1
1783059180,2026-07-02T23:13:00-07:00,1
1783059240,2026-07-02T23:14:00-07:00,1
1783059300,2026-07-02T23:15:00-07:00,1
1783059360,2026-07-02T23:16:00-07:00,1
1783059420,2026-07-02T23:17:00-07:00,1
1783059480,2026-07-02T23:18:00-07:00,1
1783059540,2026-07-02T23:19:00-07:00,1
1783059600,2026-07-02T23:20:00-07:00,1
1783059660,2026-07-02T23:21:00-07:00,1
1783059720,2026-07-02T23:22:00-07:00,1
1783059780,2026-07-02T23:23:00-07:00,1
1783059840,2026-07-02T23:24:00-07:00,1
1783059900,2026-07-02T23:25:00-07:00,1
1783059960,2026-07-02T23:26:00-07:00,1
1783060020,2026-07-02T23:27:00-07:00,1
1783060080,2026-07-02T23:28:00-07:00,1
1783060140,2026-07-02T23:29:00-07:00,1
1783060200,2026-07-02T23:30:00-07:00,1
1783060260,2026-07-02T23:31:00-07:00,1
1783060320,2026-07-02T23:32:00-07:00,1
1783060380,2026-07-02T23:33:00-07:00,1
1783060440,2026-07-02T23:34:00-07:00,1
1783060500,2026-07-02T23:35:00-07:00,1
1783060560,2026-07-02T23:36:00-07:00,1
1783060620,2026-07-02T23:37:00-07:00,1
1783060680,2026-07-02T23:38:00-07:00,1
1783060740,2026-07-02T23:39:00-07:00,1
1783060800,2026-07-02T23:40:00-07:00,1
1783060860,2026-07-02T23:41:00-07:00,1
1783060920,2026-07-02T23:42:00-07:00,1
1783060980,2026-07-02T23:43:00-07:00,1
1783061040,2026-07-02T23:44:00-07:00,1
1783061100,2026-07-02T23:45:00-07:00,1
1783061160,2026-07-02T23:46:00-07:00,1
1783061220,2026-07-02T23:47:00-07:00,1
1783061280,2026-07-02T23:48:00-07:00,1
1783061340,2026-07-02T23:49:00-07:00,1
1783061400,2026-07-02T23:50:00-07:00,1
1783061460,2026-07-02T23:51:00-07:00,1
1783061520,2026-07-02T23:52:00-07:00,1
1783061580,2026-07-02T23:53:00-07:00,1
1783061640,2026-07-02T23:54:00-07:00,1
1783061700,2026-07-02T23:55:00-07:00,1
1783061760,2026-07-02T23:56:00-07:00,1
1783061820,2026-07-02T23:57:00-07:00,1
1783061880,2026-07-02T23:58:00-07:00,1
1783061940,2026-07-02T23:59:00-07:00,1
1783062000,2026-07-03T00:00:00-07:00,1
1783062060,2026-07-03T00:01:00-07:00,1
1783062120,2026-07-03T00:02:00-07:00,1
1783062180,2026-07-03T00:03:00-07:00,1
1783062240,2026-07-03T00:04:00-07:00,1
1783062300,2026-07-03T00:05:00-07:00,1
1783062360,2026-07-03T00:06:00-07:00,1
1783062420,2026-07-03T00:07:00-07:00,1
1783062480,2026-07-03T00:08:00-07:00,1
1783062540,2026-07-03T00:09:00-07:00,1
1783062600,2026-07-03T00:10:00-07:00,1
1783062660,2026-07-03T00:11:00-07:00,1
1783062720,2026-07-03T00:12:00-07:00,1
1783062780,2026-07-03T00:13:00-07:00,1
1783062840,2026-07-03T00:14:00-07:00,1
1783062900,2026-07-03T00:15:00-07:00,1
1783062960,2026-07-03T00:16:00-07:00,1
1783063020,2026-07-03T00:17:00-07:00,1
1783063080,2026-07-03T00:18:00-07:00,1
1783063140,2026-07-03T00:19:00-07:00,1
1783063200,2026-07-03T00:20:00-07:00,1
1783063260,2026-07-03T00:21:00-07:00,1
1783063320,2026-07-03T00:22:00-07:00,1
1783063380,2026-07-03T00:23:00-07:00,1
1783063440,2026-07-03T00:24:00-07:00,1
1783063500,2026-07-03T00:25:00-07:00,1
1783063560,2026-07-03T00:26:00-07:00,1
1783063620,2026-07-03T00:27:00-07:00,1
1783063680,2026-07-03T00:28:00-07:00,1
1783063740,2026-07-03T00:29:00-07:00,1
1783063800,2026-07-03T00:30:00-07:00,1
1783063860,2026-07-03T00:31:00-07:00,1
1783063920,2026-07-03T00:32:00-07:00,1
1783063980,2026-07-03T00:33:00-07:00,1
1783064040,2026-07-03T00:34:00-07:00,1
1783064100,2026-07-03T00:35:00-07:00,1
1783064160,2026-07-03T00:36:00-07:00,1
1783064220,2026-07-03T00:37:00-07:00,1
1783064280,2026-07-03T00:38:00-07:00,1
1783064340,2026-07-03T00:39:00-07:00,1
1783064400,2026-07-03T00:40:00-07:00,1
1783064460,2026-07-03T00:41:00-07:00,1
1783064520,2026-07-03T00:42:00-07:00,1
1783064580,2026-07-03T00:43:00-07:00,1
1783064640,2026-07-03T00:44:00-07:00,1
1783064700,2026-07-03T00:45:00-07:00,1
1783064760,2026-07-03T00:46:00-07:00,1
1783064820,2026-07-03T00:47:00-07:00,1
1783064880,2026-07-03T00:48:00-07:00,1
1783064940,2026-07-03T00:49:00-07:00,1
1783065000,2026-07-03T00:50:00-07:00,1
1783065060,2026-07-03T00:51:00-07:00,1
1783065120,2026-07-03T00:52:00-07:00,1
1783065180,2026-07-03T00:53:00-07:00,1
1783065240,2026-07-03T00:54:00-07:00,1
1783065300,2026-07-03T00:55:00-07:00,1
1783065360,2026-07-03T00:56:00-07:00,1
1783065420,2026-07-03T00:57:00-07:00,1
1783065480,2026-07-03T00:58:00-07:00,1
1783065540,2026-07-03T00:59:00-07:00,1
1783065600,2026-07-03T01:00:00-07:00,1
1783065660,2026-07-03T01:01:00-07:00,1
1783065720,2026-07-03T01:02:00-07:00,1
1783065780,2026-07-03T01:03:00-07:00,1
1783065840,2026-07-03T01:04:00-07:00,1
1783065900,2026-07-03T01:05:00-07:00,1
1783065960,2026-07-03T01:06:00-07:00,1
1783066020,2026-07-03T01:07:00-07:00,1
1783066080,2026-07-03T01:08:00-07:00,1
1783066140,2026-07-03T01:09:00-07:00,1
1783066200,2026-07-03T01:10:00-07:00,1
1783066260,2026-07-03T01:11:00-07:00,1
1783066320,2026-07-03T01:12:00-07:00,1
1783066380,2026-07-03T01:13:00-07:00,1
1783066440,2026-07-03T01:14:00-07:00,1
1783066500,2026-07-03T01:15:00-07:00,1
1783066560,2026-07-03T01:16:00-07:00,1
1783066620,2026-07-03T01:17:00-07:00,1
1783066680,2026-07-03T01:18:00-07:00,1
1783066740,2026-07-03T01:19:00-07:00,1
1783066800,2026-07-03T01:20:00-07:00,1
1783066860,2026-07-03T01:21:00-07:00,1
1783066920,2026-07-03T01:22:00-07:00,1
1783066980,2026-07-03T01:23:00-07:00,1
1783067040,2026-07-03T01:24:00-07:00,1
1783067100,2026-07-03T01:25:00-07:00,1
1783067160,2026-07-03T01:26:00-07:00,1
1783067220,2026-07-03T01:27:00-07:00,1
1783067280,2026-07-03T01:28:00-07:00,1
1783067340,2026-07-03T01:29:00-07:00,1
1783067400,2026-07-03T01:30:00-07:00,1
1783067460,2026-07-03T01:31:00-07:00,1
1783067520,2026-07-03T01:32:00-07:00,1
1783067580,2026-07-03T01:33:00-07:00,1
1783067640,2026-07-03T01:34:00-07:00,1
1783067700,2026-07-03T01:35:00-07:00,1
1783067760,2026-07-03T01:36:00-07:00,1
1783067820,2026-07-03T01:37:00-07:00,1
1783067880,2026-07-03T01:38:00-07:00,1
1783067940,2026-07-03T01:39:00-07:00,1
1783068000,2026-07-03T01:40:00-07:00,1
1783068060,2026-07-03T01:41:00-07:00,1
1783068120,2026-07-03T01:42:00-07:00,1
1783068180,2026-07-03T01:43:00-07:00,1
1783068240,2026-07-03T01:44:00-07:00,1
1783068300,2026-07-03T01:45:00-07:00,1
1783068360,2026-07-03T01:46:00-07:00,1
1783068420,2026-07-03T01:47:00-07:00,1
1783068480,2026-07-03T01:48:00-07:00,1
1783068540,2026-07-03T01:49:00-07:00,1
1783068600,2026-07-03T01:50:00-07:00,1
1783068660,2026-07-03T01:51:00-07:00,1
1783068720,2026-07-03T01:52:00-07:00,1
1783068780,2026-07-03T01:53:00-07:00,1
1783068840,2026-07-03T01:54:00-07:00,1
1783068900,2026-07-03T01:55:00-07:00,1
1783068960,2026-07-03T01:56:00-07:00,1
1783069020,2026-07-03T01:57:00-07:00,1
1783069080,2026-07-03T01:58:00-07:00,1
1783069140,2026-07-03T01:59:00-07:00,1
1783069200,2026-07-03T02:00:00-07:00,1
1783069260,2026-07-03T02:01:00-07:00,1
1783069320,2026-07-03T02:02:00-07:00,1
1783069380,2026-07-03T02:03:00-07:00,1
1783069440,2026-07-03T02:04:00-07:00,1
1783069500,2026-07-03T02:05:00-07:00,1
1783069560,2026-07-03T02:06:00-07:00,1
1783069620,2026-07-03T02:07:00-07:00,1
1783069680,2026-07-03T02:08:00-07:00,1
1783069740,2026-07-03T02:09:00-07:00,1
1783069800,2026-07-03T02:10:00-07:00,1
1783069860,2026-07-03T02:11:00-07:00,1
1783069920,2026-07-03T02:12:00-07:00,1
1783069980,2026-07-03T02:13:00-07:00,1
1783070040,2026-07-03T02:14:00-07:00,1
1783070100,2026-07-03T02:15:00-07:00,1
1783070160,2026-07-03T02:16:00-07:00,1
1783070220,2026-07-03T02:17:00-07:00,1
1783070280,2026-07-03T02:18:00-07:00,1
1783070340,2026-07-03T02:19:00-07:00,1
1783070400,2026-07-03T02:20:00-07:00,1
1783070460,2026-07-03T02:21:00-07:00,1
1783070520,2026-07-03T02:22:00-07:00,1
1783070580,2026-07-03T02:23:00-07:00,1
1783070640,2026-07-03T02:24:00-07:00,1
1783070700,2026-07-03T02:25:00-07:00,1
1783070760,2026-07-03T02:26:00-07:00,1
1783070820,2026-07-03T02:27:00-07:00,1
1783070880,2026-07-03T02:28:00-07:00,1
1783070940,2026-07-03T02:29:00-07:00,1
1783071000,2026-07-03T02:30:00-07:00,1
1783071060,2026-07-03T02:31:00-07:00,1
1783071120,2026-07-03T02:32:00-07:00,1
1783071180,2026-07-03T02:33:00-07:00,1
1783071240,2026-07-03T02:34:00-07:00,1
1783071300,2026-07-03T02:35:00-07:00,1
1783071360,2026-07-03T02:36:00-07:00,1
1783071420,2026-07-03T02:37:00-07:00,1
1783071480,2026-07-03T02:38:00-07:00,1
1783071540,2026-07-03T02:39:00-07:00,1
1783071600,2026-07-03T02:40:00-07:00,1
1783071660,2026-07-03T02:41:00-07:00,1
1783071720,2026-07-03T02:42:00-07:00,1
1783071780,2026-07-03T02:43:00-07:00,1
1783071840,2026-07-03T02:44:00-07:00,1
1783071900,2026-07-03T02:45:00-07:00,1
1783071960,2026-07-03T02:46:00-07:00,1
1783072020,2026-07-03T02:47:00-07:00,1
1783072080,2026-07-03T02:48:00-07:00,1
1783072140,2026-07-03T02:49:00-07:00,1
1783072200,2026-07-03T02:50:00-07:00,1
1783072260,2026-07-03T02:51:00-07:00,1
1783072320,2026-07-03T02:52:00-07:00,1
1783072380,2026-07-03T02:53:00-07:00,1
1783072440,2026-07-03T02:54:00-07:00,1
1783072500,2026-07-03T02:55:00-07:00,1
1783072560,2026-07-03T02:56:00-07:00,1
1783072620,2026-07-03T02:57:00-07:00,1
1783072680,2026-07-03T02:58:00-07:00,1
1783072740,2026-07-03T02:59:00-07:00,1
1783072800,2026-07-03T03:00:00-07:00,1
1783072860,2026-07-03T03:01:00-07:00,1
1783072920,2026-07-03T03:02:00-07:00,1
1783072980,2026-07-03T03:03:00-07:00,1
1783073040,2026-07-03T03:04:00-07:00,1
1783073100,2026-07-03T03:05:00-07:00,1
1783073160,2026-07-03T03:06:00-07:00,1
1783073220,2026-07-03T03:07:00-07:00,1
1783073280,2026-07-03T03:08:00-07:00,1
1783073340,2026-07-03T03:09:00-07:00,1
1783073400,2026-07-03T03:10:00-07:00,1
1783073460,2026-07-03T03:11:00-07:00,1
1783073520,2026-07-03T03:12:00-07:00,1
1783073580,2026-07-03T03:13:00-07:00,1
1783073640,2026-07-03T03:14:00-07:00,1
1783073700,2026-07-03T03:15:00-07:00,1
1783073760,2026-07-03T03:16:00-07:00,1
1783073820,2026-07-03T03:17:00-07:00,1
1783073880,2026-07-03T03:18:00-07:00,1
1783073940,2026-07-03T03:19:00-07:00,1
1783074000,2026-07-03T03:20:00-07:00,1
1783074060,2026-07-03T03:21:00-07:00,1
1783074120,2026-07-03T03:22:00-07:00,1
1783074180,2026-07-03T03:23:00-07:00,1
1783074240,2026-07-03T03:24:00-07:00,1
1783074300,2026-07-03T03:25:00-07:00,1
1783074360,2026-07-03T03:26:00-07:00,1
1783074420,2026-07-03T03:27:00-07:00,1
1783074480,2026-07-03T03:28:00-07:00,1
1783074540,2026-07-03T03:29:00-07:00,1
1783074600,2026-07-03T03:30:00-07:00,1
1783074660,2026-07-03T03:31:00-07:00,1
1783074720,2026-07-03T03:32:00-07:00,1
1783074780,2026-07-03T03:33:00-07:00,1
1783074840,2026-07-03T03:34:00-07:00,1
1783074900,2026-07-03T03:35:00-07:00,1
1783074960,2026-07-03T03:36:00-07:00,1
1783075020,2026-07-03T03:37:00-07:00,1
1783075080,2026-07-03T03:38:00-07:00,1
1783075140,2026-07-03T03:39:00-07:00,1
1783075200,2026-07-03T03:40:00-07:00,1
1783075260,2026-07-03T03:41:00-07:00,1
1783075320,2026-07-03T03:42:00-07:00,1
1783075380,2026-07-03T03:43:00-07:00,1
1783075440,2026-07-03T03:44:00-07:00,1
1783075500,2026-07-03T03:45:00-07:00,1
1783075560,2026-07-03T03:46:00-07:00,1
1783075620,2026-07-03T03:47:00-07:00,1
1783075680,2026-07-03T03:48:00-07:00,1
1783075740,2026-07-03T03:49:00-07:00,1
1783075800,2026-07-03T03:50:00-07:00,1
1783075860,2026-07-03T03:51:00-07:00,1
1783075920,2026-07-03T03:52:00-07:00,1
1783075980,2026-07-03T03:53:00-07:00,1
1783076040,2026-07-03T03:54:00-07:00,1
1783076100,2026-07-03T03:55:00-07:00,1
1783076160,2026-07-03T03:56:00-07:00,1
1783076220,2026-07-03T03:57:00-07:00,1
1783076280,2026-07-03T03:58:00-07:00,1
1783076340,2026-07-03T03:59:00-07:00,1
1783076400,2026-07-03T04:00:00-07:00,1
1783076460,2026-07-03T04:01:00-07:00,1
1783076520,2026-07-03T04:02:00-07:00,1
1783076580,2026-07-03T04:03:00-07:00,1
1783076640,2026-07-03T04:04:00-07:00,1
1783076700,2026-07-03T04:05:00-07:00,1
1783076760,2026-07-03T04:06:00-07:00,1
1783076820,2026-07-03T04:07:00-07:00,1
1783076880,2026-07-03T04:08:00-07:00,1
1783076940,2026-07-03T04:09:00-07:00,1
1783077000,2026-07-03T04:10:00-07:00,1
1783077060,2026-07-03T04:11:00-07:00,1
1783077120,2026-07-03T04:12:00-07:00,1
1783077180,2026-07-03T04:13:00-07:00,1
1783077240,2026-07-03T04:14:00-07:00,1
1783077300,2026-07-03T04:15:00-07:00,1
1783077360,2026-07-03T04:16:00-07:00,1
1783077420,2026-07-03T04:17:00-07:00,1
1783077480,2026-07-03T04:18:00-07:00,1
1783077540,2026-07-03T04:19:00-07:00,1
1783077600,2026-07-03T04:20:00-07:00,1
1783077660,2026-07-03T04:21:00-07:00,1
1783077720,2026-07-03T04:22:00-07:00,1
1783077780,2026-07-03T04:23:00-07:00,1
1783077840,2026-07-03T04:24:00-07:00,1
1783077900,2026-07-03T04:25:00-07:00,1
1783077960,2026-07-03T04:26:00-07:00,1
1783078020,2026-07-03T04:27:00-07:00,1
1783078080,2026-07-03T04:28:00-07:00,1
1783078140,2026-07-03T04:29:00-07:00,1
1783078200,2026-07-03T04:30:00-07:00,1
1783078260,2026-07-03T04:31:00-07:00,1
1783078320,2026-07-03T04:32:00-07:00,1
1783078380,2026-07-03T04:33:00-07:00,1
1783078440,2026-07-03T04:34:00-07:00,1
1783078500,2026-07-03T04:35:00-07:00,1
1783078560,2026-07-03T04:36:00-07:00,1
1783078620,2026-07-03T04:37:00-07:00,1
1783078680,2026-07-03T04:38:00-07:00,1
1783078740,2026-07-03T04:39:00-07:00,1
1783078800,2026-07-03T04:40:00-07:00,1
1783078860,2026-07-03T04:41:00-07:00,1
1783078920,2026-07-03T04:42:00-07:00,1
1783078980,2026-07-03T04:43:00-07:00,1
1783079040,2026-07-03T04:44:00-07:00,1
1783079100,2026-07-03T04:45:00-07:00,1
1783079160,2026-07-03T04:46:00-07:00,1
1783079220,2026-07-03T04:47:00-07:00,1
1783079280,2026-07-03T04:48:00-07:00,1
1783079340,2026-07-03T04:49:00-07:00,1
1783079400,2026-07-03T04:50:00-07:00,1
1783079460,2026-07-03T04:51:00-07:00,1
1783079520,2026-07-03T04:52:00-07:00,1
1783079580,2026-07-03T04:53:00-07:00,1
1783079640,2026-07-03T04:54:00-07:00,1
1783079700,2026-07-03T04:55:00-07:00,1
1783079760,2026-07-03T04:56:00-07:00,1
1783079820,2026-07-03T04:57:00-07:00,1
1783079880,2026-07-03T04:58:00-07:00,1
1783079940,2026-07-03T04:59:00-07:00,1
1783080000,2026-07-03T05:00:00-07:00,1
1783080060,2026-07-03T05:01:00-07:00,1
1783080120,2026-07-03T05:02:00-07:00,1
1783080180,2026-07-03T05:03:00-07:00,1
1783080240,2026-07-03T05:04:00-07:00,1
1783080300,2026-07-03T05:05:00-07:00,1
1783080360,2026-07-03T05:06:00-07:00,1
1783080420,2026-07-03T05:07:00-07:00,1
1783080480,2026-07-03T05:08:00-07:00,1
1783080540,2026-07-03T05:09:00-07:00,1
1783080600,2026-07-03T05:10:00-07:00,1
1783080660,2026-07-03T05:11:00-07:00,1
1783080720,2026-07-03T05:12:00-07:00,1
1783080780,2026-07-03T05:13:00-07:00,1
1783080840,2026-07-03T05:14:00-07:00,1
1783080900,2026-07-03T05:15:00-07:00,1
1783080960,2026-07-03T05:16:00-07:00,1
1783081020,2026-07-03T05:17:00-07:00,1
1783081080,2026-07-03T05:18:00-07:00,1
1783081140,2026-07-03T05:19:00-07:00,1
1783081200,2026-07-03T05:20:00-07:00,1
1783081260,2026-07-03T05:21:00-07:00,1
1783081320,2026-07-03T05:22:00-07:00,1
1783081380,2026-07-03T05:23:00-07:00,1
1783081440,2026-07-03T05:24:00-07:00,1
1783081500,2026-07-03T05:25:00-07:00,1
1783081560,2026-07-03T05:26:00-07:00,1
1783081620,2026-07-03T05:27:00-07:00,1
1783081680,2026-07-03T05:28:00-07:00,1
1783081740,2026-07-03T05:29:00-07:00,1
1783081800,2026-07-03T05:30:00-07:00,1
1783081860,2026-07-03T05:31:00-07:00,1
1783081920,2026-07-03T05:32:00-07:00,1
1783081980,2026-07-03T05:33:00-07:00,1
1783082040,2026-07-03T05:34:00-07:00,1
1783082100,2026-07-03T05:35:00-07:00,1
1783082160,2026-07-03T05:36:00-07:00,1
1783082220,2026-07-03T05:37:00-07:00,1
1783082280,2026-07-03T05:38:00-07:00,1
1783082340,2026-07-03T05:39:00-07:00,1
1783082400,2026-07-03T05:40:00-07:00,1
1783082460,2026-07-03T05:41:00-07:00,1
1783082520,2026-07-03T05:42:00-07:00,1
1783082580,2026-07-03T05:43:00-07:00,1
1783082640,2026-07-03T05:44:00-07:00,1
1783082700,2026-07-03T05:45:00-07:00,1
1783082760,2026-07-03T05:46:00-07:00,1
1783082820,2026-07-03T05:47:00-07:00,1
1783082880,2026-07-03T05:48:00-07:00,1
1783082940,2026-07-03T05:49:00-07:00,1
1783083000,2026-07-03T05:50:00-07:00,1
1783083060,2026-07-03T05:51:00-07:00,1
1783083120,2026-07-03T05:52:00-07:00,1
1783083180,2026-07-03T05:53:00-07:00,1
1783083240,2026-07-03T05:54:00-07:00,1
1783083300,2026-07-03T05:55:00-07:00,1
1783083360,2026-07-03T05:56:00-07:00,1
1783083420,2026-07-03T05:57:00-07:00,1
1783083480,2026-07-03T05:58:00-07:00,1
1783083540,2026-07-03T05:59:00-07:00,1
1783083600,2026-07-03T06:00:00-07:00,1
1783083660,2026-07-03T06:01:00-07:00,1
1783083720,2026-07-03T06:02:00-07:00,1
1783083780,2026-07-03T06:03:00-07:00,1
1783083840,2026-07-03T06:04:00-07:00,1
1783083900,2026-07-03T06:05:00-07:00,1
1783083960,2026-07-03T06:06:00-07:00,1
1783084020,2026-07-03T06:07:00-07:00,1
1783084080,2026-07-03T06:08:00-07:00,1
1783084140,2026-07-03T06:09:00-07:00,1
1783084200,2026-07-03T06:10:00-07:00,1
1783084260,2026-07-03T06:11:00-07:00,1
1783084320,2026-07-03T06:12:00-07:00,1
1783084380,2026-07-03T06:13:00-07:00,1
1783084440,2026-07-03T06:14:00-07:00,1
1783084500,2026-07-03T06:15:00-07:00,1
1783084560,2026-07-03T06:16:00-07:00,1
1783084620,2026-07-03T06:17:00-07:00,1
1783084680,2026-07-03T06:18:00-07:00,1
1783084740,2026-07-03T06:19:00-07:00,1
1783084800,2026-07-03T06:20:00-07:00,1
1783084860,2026-07-03T06:21:00-07:00,1
1783084920,2026-07-03T06:22:00-07:00,1
1783084980,2026-07-03T06:23:00-07:00,1
1783085040,2026-07-03T06:24:00-07:00,1
1783085100,2026-07-03T06:25:00-07:00,1
1783085160,2026-07-03T06:26:00-07:00,1
1783085220,2026-07-03T06:27:00-07:00,1
1783085280,2026-07-03T06:28:00-07:00,1
1783085340,2026-07-03T06:29:00-07:00,1
1783085400,2026-07-03T06:30:00-07:00,1
1783085460,2026-07-03T06:31:00-07:00,1
1783085520,2026-07-03T06:32:00-07:00,1
1783085580,2026-07-03T06:33:00-07:00,1
1783085640,2026-07-03T06:34:00-07:00,1
1783085700,2026-07-03T06:35:00-07:00,1
1783085760,2026-07-03T06:36:00-07:00,1
1783085820,2026-07-03T06:37:00-07:00,1
1783085880,2026-07-03T06:38:00-07:00,1
1783085940,2026-07-03T06:39:00-07:00,1
1783086000,2026-07-03T06:40:00-07:00,1
1783086060,2026-07-03T06:41:00-07:00,1
1783086120,2026-07-03T06:42:00-07:00,1
1783086180,2026-07-03T06:43:00-07:00,1
1783086240,2026-07-03T06:44:00-07:00,1
1783086300,2026-07-03T06:45:00-07:00,1
1783086360,2026-07-03T06:46:00-07:00,1
1783086420,2026-07-03T06:47:00-07:00,1
1783086480,2026-07-03T06:48:00-07:00,1
1783086540,2026-07-03T06:49:00-07:00,1
1783086600,2026-07-03T06:50:00-07:00,1
1783086660,2026-07-03T06:51:00-07:00,1
1783086720,2026-07-03T06:52:00-07:00,1
1783086780,2026-07-03T06:53:00-07:00,1
1783086840,2026-07-03T06:54:00-07:00,1
1783086900,2026-07-03T06:55:00-07:00,1
1783086960,2026-07-03T06:56:00-07:00,1
1783087020,2026-07-03T06:57:00-07:00,1
1783087080,2026-07-03T06:58:00-07:00,1
1783087140,2026-07-03T06:59:00-07:00,1
1783087200,2026-07-03T07:00:00-07:00,1
1783087260,2026-07-03T07:01:00-07:00,1
1783087320,2026-07-03T07:02:00-07:00,1
1783087380,2026-07-03T07:03:00-07:00,1
1783087440,2026-07-03T07:04:00-07:00,1
1783087500,2026-07-03T07:05:00-07:00,1
1783087560,2026-07-03T07:06:00-07:00,1
1783087620,2026-07-03T07:07:00-07:00,1
1783087680,2026-07-03T07:08:00-07:00,1
1783087740,2026-07-03T07:09:00-07:00,1
1783087800,2026-07-03T07:10:00-07:00,1
1783087860,2026-07-03T07:11:00-07:00,1
1783087920,2026-07-03T07:12:00-07:00,1
1783087980,2026-07-03T07:13:00-07:00,1
1783088040,2026-07-03T07:14:00-07:00,1
1783088100,2026-07-03T07:15:00-07:00,1
1783088160,2026-07-03T07:16:00-07:00,1
1783088220,2026-07-03T07:17:00-07:00,1
1783088280,2026-07-03T07:18:00-07:00,1
1783088340,2026-07-03T07:19:00-07:00,1
1783088400,2026-07-03T07:20:00-07:00,1
1783088460,2026-07-03T07:21:00-07:00,1
1783088520,2026-07-03T07:22:00-07:00,1
1783088580,2026-07-03T07:23:00-07:00,1
1783088640,2026-07-03T07:24:00-07:00,1
1783088700,2026-07-03T07:25:00-07:00,1
1783088760,2026-07-03T07:26:00-07:00,1
1783088820,2026-07-03T07:27:00-07:00,1
1783088880,2026-07-03T07:28:00-07:00,1
1783088940,2026-07-03T07:29:00-07:00,1
1783089000,2026-07-03T07:30:00-07:00,1
1783089060,2026-07-03T07:31:00-07:00,1
1783089120,2026-07-03T07:32:00-07:00,1
1783089180,2026-07-03T07:33:00-07:00,1
1783089240,2026-07-03T07:34:00-07:00,1
1783089300,2026-07-03T07:35:00-07:00,1
1783089360,2026-07-03T07:36:00-07:00,1
1783089420,2026-07-03T07:37:00-07:00,1
1783089480,2026-07-03T07:38:00-07:00,1
1783089540,2026-07-03T07:39:00-07:00,1
1783089600,2026-07-03T07:40:00-07:00,1
1783089660,2026-07-03T07:41:00-07:00,1
1783089720,2026-07-03T07:42:00-07:00,1
1783089780,2026-07-03T07:43:00-07:00,1
1783089840,2026-07-03T07:44:00-07:00,1
1783089900,2026-07-03T07:45:00-07:00,1
1783089960,2026-07-03T07:46:00-07:00,1
1783090020,2026-07-03T07:47:00-07:00,1
1783090080,2026-07-03T07:48:00-07:00,1
1783090140,2026-07-03T07:49:00-07:00,1
1783090200,2026-07-03T07:50:00-07:00,1
1783090260,2026-07-03T07:51:00-07:00,1
1783090320,2026-07-03T07:52:00-07:00,1
1783090380,2026-07-03T07:53:00-07:00,1
1783090440,2026-07-03T07:54:00-07:00,1
1783090500,2026-07-03T07:55:00-07:00,1
1783090560,2026-07-03T07:56:00-07:00,1
1783090620,2026-07-03T07:57:00-07:00,1
1783090680,2026-07-03T07:58:00-07:00,1
1783090740,2026-07-03T07:59:00-07:00,1
1783090800,2026-07-03T08:00:00-07:00,1
1783090860,2026-07-03T08:01:00-07:00,1
1783090920,2026-07-03T08:02:00-07:00,1
1783090980,2026-07-03T08:03:00-07:00,1
1783091040,2026-07-03T08:04:00-07:00,1
1783091100,2026-07-03T08:05:00-07:00,1
1783091160,2026-07-03T08:06:00-07:00,1
1783091220,2026-07-03T08:07:00-07:00,1
1783091280,2026-07-03T08:08:00-07:00,1
1783091340,2026-07-03T08:09:00-07:00,1
1783091400,2026-07-03T08:10:00-07:00,1
1783091460,2026-07-03T08:11:00-07:00,1
1783091520,2026-07-03T08:12:00-07:00,1
1783091580,2026-07-03T08:13:00-07:00,1
1783091640,2026-07-03T08:14:00-07:00,1
1783091700,2026-07-03T08:15:00-07:00,1
1783091760,2026-07-03T08:16:00-07:00,1
1783091820,2026-07-03T08:17:00-07:00,1
1783091880,2026-07-03T08:18:00-07:00,1
1783091940,2026-07-03T08:19:00-07:00,1
1783092000,2026-07-03T08:20:00-07:00,1
1783092060,2026-07-03T08:21:00-07:00,1
1783092120,2026-07-03T08:22:00-07:00,1
1783092180,2026-07-03T08:23:00-07:00,1
1783092240,2026-07-03T08:24:00-07:00,1
1783092300,2026-07-03T08:25:00-07:00,1
1783092360,2026-07-03T08:26:00-07:00,1
1783092420,2026-07-03T08:27:00-07:00,1
1783092480,2026-07-03T08:28:00-07:00,1
1783092540,2026-07-03T08:29:00-07:00,1
1783092600,2026-07-03T08:30:00-07:00,1
1783092660,2026-07-03T08:31:00-07:00,1
1783092720,2026-07-03T08:32:00-07:00,1
1783092780,2026-07-03T08:33:00-07:00,1
1783092840,2026-07-03T08:34:00-07:00,1
1783092900,2026-07-03T08:35:00-07:00,1
1783092960,2026-07-03T08:36:00-07:00,1
1783093020,2026-07-03T08:37:00-07:00,1
1783093080,2026-07-03T08:38:00-07:00,1
1783093140,2026-07-03T08:39:00-07:00,1
1783093200,2026-07-03T08:40:00-07:00,1
1783093260,2026-07-03T08:41:00-07:00,1
1783093320,2026-07-03T08:42:00-07:00,1
1783093380,2026-07-03T08:43:00-07:00,1
1783093440,2026-07-03T08:44:00-07:00,1
1783093500,2026-07-03T08:45:00-07:00,1
1783093560,2026-07-03T08:46:00-07:00,1
1783093620,2026-07-03T08:47:00-07:00,1
1783093680,2026-07-03T08:48:00-07:00,1
1783093740,2026-07-03T08:49:00-07:00,1
1783093800,2026-07-03T08:50:00-07:00,1
1783093860,2026-07-03T08:51:00-07:00,1
1783093920,2026-07-03T08:52:00-07:00,1
1783093980,2026-07-03T08:53:00-07:00,1
1783094040,2026-07-03T08:54:00-07:00,1
1783094100,2026-07-03T08:55:00-07:00,1
1783094160,2026-07-03T08:56:00-07:00,1
1783094220,2026-07-03T08:57:00-07:00,1
1783094280,2026-07-03T08:58:00-07:00,1
1783094340,2026-07-03T08:59:00-07:00,1
1783094400,2026-07-03T09:00:00-07:00,1
1783094460,2026-07-03T09:01:00-07:00,1
1783094520,2026-07-03T09:02:00-07:00,1
1783094580,2026-07-03T09:03:00-07:00,1
1783094640,2026-07-03T09:04:00-07:00,1
1783094700,2026-07-03T09:05:00-07:00,1
1783094760,2026-07-03T09:06:00-07:00,1
1783094820,2026-07-03T09:07:00-07:00,1
1783094880,2026-07-03T09:08:00-07:00,1
1783094940,2026-07-03T09:09:00-07:00,1
1783095000,2026-07-03T09:10:00-07:00,1
1783095060,2026-07-03T09:11:00-07:00,1
1783095120,2026-07-03T09:12:00-07:00,1
1783095180,2026-07-03T09:13:00-07:00,1
1783095240,2026-07-03T09:14:00-07:00,1
1783095300,2026-07-03T09:15:00-07:00,1
1783095360,2026-07-03T09:16:00-07:00,1
1783095420,2026-07-03T09:17:00-07:00,1
1783095480,2026-07-03T09:18:00-07:00,1
1783095540,2026-07-03T09:19:00-07:00,1
1783095600,2026-07-03T09:20:00-07:00,1
1783095660,2026-07-03T09:21:00-07:00,1
1783095720,2026-07-03T09:22:00-07:00,1
1783095780,2026-07-03T09:23:00-07:00,1
1783095840,2026-07-03T09:24:00-07:00,1
1783095900,2026-07-03T09:25:00-07:00,1
1783095960,2026-07-03T09:26:00-07:00,1
1783096020,2026-07-03T09:27:00-07:00,1
1783096080,2026-07-03T09:28:00-07:00,1
1783096140,2026-07-03T09:29:00-07:00,1
1783096200,2026-07-03T09:30:00-07:00,1
1783096260,2026-07-03T09:31:00-07:00,1
1783096320,2026-07-03T09:32:00-07:00,1
1783096380,2026-07-03T09:33:00-07:00,1
1783096440,2026-07-03T09:34:00-07:00,1
1783096500,2026-07-03T09:35:00-07:00,1
1783096560,2026-07-03T09:36:00-07:00,1
1783096620,2026-07-03T09:37:00-07:00,1
1783096680,2026-07-03T09:38:00-07:00,1
1783096740,2026-07-03T09:39:00-07:00,1
1783096800,2026-07-03T09:40:00-07:00,1
1783096860,2026-07-03T09:41:00-07:00,1
1783096920,2026-07-03T09:42:00-07:00,1
1783096980,2026-07-03T09:43:00-07:00,1
1783097040,2026-07-03T09:44:00-07:00,1
1783097100,2026-07-03T09:45:00-07:00,1
1783097160,2026-07-03T09:46:00-07:00,1
1783097220,2026-07-03T09:47:00-07:00,1
1783097280,2026-07-03T09:48:00-07:00,1
1783097340,2026-07-03T09:49:00-07:00,1
1783097400,2026-07-03T09:50:00-07:00,1
1783097460,2026-07-03T09:51:00-07:00,1
1783097520,2026-07-03T09:52:00-07:00,1
1783097580,2026-07-03T09:53:00-07:00,1
1783097640,2026-07-03T09:54:00-07:00,1
1783097700,2026-07-03T09:55:00-07:00,1
1783097760,2026-07-03T09:56:00-07:00,1
1783097820,2026-07-03T09:57:00-07:00,1
1783097880,2026-07-03T09:58:00-07:00,1
1783097940,2026-07-03T09:59:00-07:00,1
1783098000,2026-07-03T10:00:00-07:00,1
1783098060,2026-07-03T10:01:00-07:00,1
1783098120,2026-07-03T10:02:00-07:00,1
1783098180,2026-07-03T10:03:00-07:00,1
1783098240,2026-07-03T10:04:00-07:00,1
1783098300,2026-07-03T10:05:00-07:00,1
1783098360,2026-07-03T10:06:00-07:00,1
1783098420,2026-07-03T10:07:00-07:00,1
1783098480,2026-07-03T10:08:00-07:00,1
1783098540,2026-07-03T10:09:00-07:00,1
1783098600,2026-07-03T10:10:00-07:00,1
1783098660,2026-07-03T10:11:00-07:00,1
1783098720,2026-07-03T10:12:00-07:00,1
1783098780,2026-07-03T10:13:00-07:00,1
1783098840,2026-07-03T10:14:00-07:00,1
1783098900,2026-07-03T10:15:00-07:00,1
1783098960,2026-07-03T10:16:00-07:00,1
1783099020,2026-07-03T10:17:00-07:00,1
1783099080,2026-07-03T10:18:00-07:00,1
1783099140,2026-07-03T10:19:00-07:00,1
1783099200,2026-07-03T10:20:00-07:00,1
1783099260,2026-07-03T10:21:00-07:00,1
1783099320,2026-07-03T10:22:00-07:00,1
1783099380,2026-07-03T10:23:00-07:00,1
1783099440,2026-07-03T10:24:00-07:00,1
1783099500,2026-07-03T10:25:00-07:00,1
1783099560,2026-07-03T10:26:00-07:00,1
1783099620,2026-07-03T10:27:00-07:00,1
1783099680,2026-07-03T10:28:00-07:00,1
1783099740,2026-07-03T10:29:00-07:00,1
1783099800,2026-07-03T10:30:00-07:00,1
1783099860,2026-07-03T10:31:00-07:00,1
1783099920,2026-07-03T10:32:00-07:00,1
1783099980,2026-07-03T10:33:00-07:00,1
1783100040,2026-07-03T10:34:00-07:00,1
1783100100,2026-07-03T10:35:00-07:00,1
1783100160,2026-07-03T10:36:00-07:00,1
1783100220,2026-07-03T10:37:00-07:00,1
1783100280,2026-07-03T10:38:00-07:00,1
1783100340,2026-07-03T10:39:00-07:00,1
1783100400,2026-07-03T10:40:00-07:00,1
1783100460,2026-07-03T10:41:00-07:00,1
1783100520,2026-07-03T10:42:00-07:00,1
1783100580,2026-07-03T10:43:00-07:00,1
1783100640,2026-07-03T10:44:00-07:00,1
1783100700,2026-07-03T10:45:00-07:00,1
1783100760,2026-07-03T10:46:00-07:00,1
1783100820,2026-07-03T10:47:00-07:00,1
1783100880,2026-07-03T10:48:00-07:00,1
1783100940,2026-07-03T10:49:00-07:00,1
1783101000,2026-07-03T10:50:00-07:00,1
1783101060,2026-07-03T10:51:00-07:00,1
1783101120,2026-07-03T10:52:00-07:00,1
1783101180,2026-07-03T10:53:00-07:00,1
1783101240,2026-07-03T10:54:00-07:00,1
1783101300,2026-07-03T10:55:00-07:00,1
1783101360,2026-07-03T10:56:00-07:00,1
1783101420,2026-07-03T10:57:00-07:00,1
1783101480,2026-07-03T10:58:00-07:00,1
1783101540,2026-07-03T10:59:00-07:00,1
1783101600,2026-07-03T11:00:00-07:00,1
1783101660,2026-07-03T11:01:00-07:00,1
1783101720,2026-07-03T11:02:00-07:00,1
1783101780,2026-07-03T11:03:00-07:00,1
1783101840,2026-07-03T11:04:00-07:00,1
1783101900,2026-07-03T11:05:00-07:00,1
1783101960,2026-07-03T11:06:00-07:00,1
1783102020,2026-07-03T11:07:00-07:00,1
1783102080,2026-07-03T11:08:00-07:00,1
1783102140,2026-07-03T11:09:00-07:00,1
1783102200,2026-07-03T11:10:00-07:00,1
1783102260,2026-07-03T11:11:00-07:00,1
1783102320,2026-07-03T11:12:00-07:00,1
1783102380,2026-07-03T11:13:00-07:00,1
1783102440,2026-07-03T11:14:00-07:00,1
1783102500,2026-07-03T11:15:00-07:00,1
1783102560,2026-07-03T11:16:00-07:00,1
1783102620,2026-07-03T11:17:00-07:00,1
1783102680,2026-07-03T11:18:00-07:00,1
1783102740,2026-07-03T11:19:00-07:00,1
1783102800,2026-07-03T11:20:00-07:00,1
1783102860,2026-07-03T11:21:00-07:00,1
1783102920,2026-07-03T11:22:00-07:00,1
1783102980,2026-07-03T11:23:00-07:00,1
1783103040,2026-07-03T11:24:00-07:00,1
1783103100,2026-07-03T11:25:00-07:00,1
1783103160,2026-07-03T11:26:00-07:00,1
1783103220,2026-07-03T11:27:00-07:00,1
1783103280,2026-07-03T11:28:00-07:00,1
1783103340,2026-07-03T11:29:00-07:00,1
1783103400,2026-07-03T11:30:00-07:00,1
1783103460,2026-07-03T11:31:00-07:00,1
1783103520,2026-07-03T11:32:00-07:00,1
1783103580,2026-07-03T11:33:00-07:00,1
1783103640,2026-07-03T11:34:00-07:00,1
1783103700,2026-07-03T11:35:00-07:00,1
1783103760,2026-07-03T11:36:00-07:00,1
1783103820,2026-07-03T11:37:00-07:00,1
1783103880,2026-07-03T11:38:00-07:00,1
1783103940,2026-07-03T11:39:00-07:00,1
1783104000,2026-07-03T11:40:00-07:00,1
1783104060,2026-07-03T11:41:00-07:00,1
1783104120,2026-07-03T11:42:00-07:00,1
1783104180,2026-07-03T11:43:00-07:00,1
1783104240,2026-07-03T11:44:00-07:00,1
1783104300,2026-07-03T11:45:00-07:00,1
1783104360,2026-07-03T11:46:00-07:00,1
1783104420,2026-07-03T11:47:00-07:00,1
1783104480,2026-07-03T11:48:00-07:00,1
1783104540,2026-07-03T11:49:00-07:00,1
1783104600,2026-07-03T11:50:00-07:00,1
1783104660,2026-07-03T11:51:00-07:00,1
1783104720,2026-07-03T11:52:00-07:00,1
1783104780,2026-07-03T11:53:00-07:00,1
1783104840,2026-07-03T11:54:00-07:00,1
1783104900,2026-07-03T11:55:00-07:00,1
1783104960,2026-07-03T11:56:00-07:00,1
1783105020,2026-07-03T11:57:00-07:00,1
1783105080,2026-07-03T11:58:00-07:00,1
1783105140,2026-07-03T11:59:00-07:00,1
1783105200,2026-07-03T12:00:00-07:00,1
1783105260,2026-07-03T12:01:00-07:00,1
1783105320,2026-07-03T12:02:00-07:00,1
1783105380,2026-07-03T12:03:00-07:00,1
1783105440,2026-07-03T12:04:00-07:00,1
1783105500,2026-07-03T12:05:00-07:00,1
1783105560,2026-07-03T12:06:00-07:00,1
1783105620,2026-07-03T12:07:00-07:00,1
1783105680,2026-07-03T12:08:00-07:00,1
1783105740,2026-07-03T12:09:00-07:00,1
1783105800,2026-07-03T12:10:00-07:00,1
1783105860,2026-07-03T12:11:00-07:00,1
1783105920,2026-07-03T12:12:00-07:00,1
1783105980,2026-07-03T12:13:00-07:00,1
1783106040,2026-07-03T12:14:00-07:00,1
1783106100,2026-07-03T12:15:00-07:00,1
1783106160,2026-07-03T12:16:00-07:00,1
1783106220,2026-07-03T12:17:00-07:00,1
1783106280,2026-07-03T12:18:00-07:00,1
1783106340,2026-07-03T12:19:00-07:00,1
1783106400,2026-07-03T12:20:00-07:00,1
1783106460,2026-07-03T12:21:00-07:00,1
1783106520,2026-07-03T12:22:00-07:00,1
1783106580,2026-07-03T12:23:00-07:00,1
1783106640,2026-07-03T12:24:00-07:00,1
1783106700,2026-07-03T12:25:00-07:00,1
1783106760,2026-07-03T12:26:00-07:00,1
1783106820,2026-07-03T12:27:00-07:00,1
1783106880,2026-07-03T12:28:00-07:00,1
1783106940,2026-07-03T12:29:00-07:00,1
1783107000,2026-07-03T12:30:00-07:00,1
1783107060,2026-07-03T12:31:00-07:00,1
1783107120,2026-07-03T12:32:00-07:00,1
1783107180,2026-07-03T12:33:00-07:00,1
1783107240,2026-07-03T12:34:00-07:00,1
1783107300,2026-07-03T12:35:00-07:00,1
1783107360,2026-07-03T12:36:00-07:00,1
1783107420,2026-07-03T12:37:00-07:00,1
1783107480,2026-07-03T12:38:00-07:00,1
1783107540,2026-07-03T12:39:00-07:00,1
1783107600,2026-07-03T12:40:00-07:00,1
1783107660,2026-07-03T12:41:00-07:00,1
1783107720,2026-07-03T12:42:00-07:00,1
1783107780,2026-07-03T12:43:00-07:00,1
1783107840,2026-07-03T12:44:00-07:00,1
1783107900,2026-07-03T12:45:00-07:00,1
1783107960,2026-07-03T12:46:00-07:00,1
1783108020,2026-07-03T12:47:00-07:00,1
1783108080,2026-07-03T12:48:00-07:00,1
1783108140,2026-07-03T12:49:00-07:00,1
1783108200,2026-07-03T12:50:00-07:00,1
1783108260,2026-07-03T12:51:00-07:00,1
1783108320,2026-07-03T12:52:00-07:00,1
1783108380,2026-07-03T12:53:00-07:00,1
1783108440,2026-07-03T12:54:00-07:00,1
1783108500,2026-07-03T12:55:00-07:00,1
1783108560,2026-07-03T12:56:00-07:00,1
1783108620,2026-07-03T12:57:00-07:00,1
1783108680,2026-07-03T12:58:00-07:00,1
1783108740,2026-07-03T12:59:00-07:00,1
1783108800,2026-07-03T13:00:00-07:00,1
1783108860,2026-07-03T13:01:00-07:00,1
1783108920,2026-07-03T13:02:00-07:00,1
1783108980,2026-07-03T13:03:00-07:00,1
1783109040,2026-07-03T13:04:00-07:00,1
1783109100,2026-07-03T13:05:00-07:00,1
1783109160,2026-07-03T13:06:00-07:00,1
1783109220,2026-07-03T13:07:00-07:00,1
1783109280,2026-07-03T13:08:00-07:00,1
1783109340,2026-07-03T13:09:00-07:00,1
1783109400,2026-07-03T13:10:00-07:00,1
1783109460,2026-07-03T13:11:00-07:00,1
1783109520,2026-07-03T13:12:00-07:00,1
1783109580,2026-07-03T13:13:00-07:00,1
1783109640,2026-07-03T13:14:00-07:00,1
1783109700,2026-07-03T13:15:00-07:00,1
1783109760,2026-07-03T13:16:00-07:00,1
1783109820,2026-07-03T13:17:00-07:00,1
1783109880,2026-07-03T13:18:00-07:00,1
1783109940,2026-07-03T13:19:00-07:00,1
1783110000,2026-07-03T13:20:00-07:00,1
1783110060,2026-07-03T13:21:00-07:00,1
1783110120,2026-07-03T13:22:00-07:00,1
1783110180,2026-07-03T13:23:00-07:00,1
1783110240,2026-07-03T13:24:00-07:00,1
1783110300,2026-07-03T13:25:00-07:00,1
1783110360,2026-07-03T13:26:00-07:00,1
1783110420,2026-07-03T13:27:00-07:00,1
1783110480,2026-07-03T13:28:00-07:00,1
1783110540,2026-07-03T13:29:00-07:00,1
1783110600,2026-07-03T13:30:00-07:00,1
1783110660,2026-07-03T13:31:00-07:00,1
1783110720,2026-07-03T13:32:00-07:00,1
1783110780,2026-07-03T13:33:00-07:00,1
1783110840,2026-07-03T13:34:00-07:00,1
1783110900,2026-07-03T13:35:00-07:00,1
